valu	13.610000000000001
concept	12.279999999999998
payrol	9.34
process	6.1899999999999995
employe	5.890000000000001
type	4.99
report	4.95
select	4.92
leav	4.53
export	4.25
movement	3.9799999999999995
import	3.8499999999999996
payment	3.0500000000000003
period	3.0100000000000002
abstract	2.76
invoic	2.29
rule	2.26
shift	2.19
insur	2.04
line	2.0300000000000002
structur	1.8599999999999999
date	1.75
group	1.6800000000000002
valid	1.65
file	1.59
open	1.51
print	1.43
work	1.3
assign	1.23
reason	1.21
locat	1.1800000000000002
send	1.15
mail	1.1
check	1.08
prepar	1.07
email	1.05
client	1.04
null	1.02
product	1.0
weekli	1.0
rang	0.97
year	0.97
educ	0.97
sourc	0.96
level	0.94
text	0.9000000000000001
depart	0.8999999999999999
bank	0.8600000000000001
event	0.8500000000000001
countri	0.8300000000000001
account	0.81
invalid	0.8
delet	0.77
region	0.76
string	0.74
column	0.73
templat	0.73
statu	0.72
creat	0.72
attribut	0.71
load	0.7000000000000001
categori	0.64
credit	0.63
save	0.62
scope	0.61
depend	0.6
persist	0.6
paramet	0.6
trim	0.59
notic	0.5800000000000001
action	0.5800000000000001
hour	0.54
receipt	0.54
exist	0.53
time	0.52
manual	0.52
mandatori	0.49
acct	0.48
human	0.47
break	0.47
maintain	0.45
integr	0.42
relationship	0.42
gener	0.41000000000000003
greater	0.41
plain	0.38
filter	0.38
revers	0.37
activ	0.37
resourc	0.36
charg	0.34
premium	0.33
calendar	0.33
project	0.32
incid	0.31
user	0.31
absolut	0.3
test	0.3
attend	0.3
grade	0.3
void	0.3
core	0.29
approv	0.29
calcul	0.29
currenc	0.28
format	0.27
list	0.27
posit	0.26
citi	0.26
clear	0.25
accrual	0.24
class	0.23
unlock	0.23
close	0.23
unknown	0.23
scholarship	0.22
start	0.22
alloc	0.22
coalesc	0.21
updat	0.21
error	0.21
reject	0.2
inner	0.2
partner	0.2
mini	0.19
extens	0.19
contract	0.19
fact	0.19
contact	0.19
address	0.19
paid	0.19
correct	0.19
run	0.19
reload	0.18
chang	0.18
refer	0.18
