servic	27.000000000000004
stock	22.47
invoic	16.560000000000002
order	15.51
sale	14.090000000000003
purchas	10.8
line	10.47
self	9.709999999999999
control	7.5
repositori	6.859999999999999
reserv	6.84
chain	5.9799999999999995
batch	5.800000000000001
locat	5.23
suppli	5.0600000000000005
declar	4.27
exchang	3.5700000000000003
account	3.3999999999999995
budget	3.3899999999999997
logist	3.13
timet	2.9000000000000004
analyt	2.8600000000000003
gener	2.8000000000000003
form	2.77
partner	2.6799999999999997
payment	2.62
comput	2.56
product	2.43
copi	2.37
distribut	2.2800000000000002
avail	2.1900000000000004
situat	2.0500000000000003
updat	2.0300000000000002
export	2.01
anomali	1.95
request	1.68
true	1.67
statu	1.67
workflow	1.56
credit	1.4100000000000001
configur	1.37
advanc	1.37
subscript	1.28
select	1.26
propos	1.24
alloc	1.2000000000000002
list	1.17
multi	1.08
merg	1.02
custom	1.0
manag	1.0
project	0.98
creat	0.98
outgo	0.93
stop	0.9099999999999999
grid	0.8999999999999999
timezon	0.85
thread	0.83
modul	0.82
cancel	0.79
remov	0.79
oper	0.78
week	0.75
origin	0.75
miss	0.74
save	0.7
pour	0.69
forecast	0.68
strategi	0.66
popul	0.6599999999999999
header	0.65
state	0.63
supplier	0.63
valid	0.63
correct	0.63
plan	0.62
deliveri	0.5900000000000001
tool	0.59
good	0.5800000000000001
execut	0.56
fix	0.56
real	0.55
ventil	0.55
popup	0.54
matur	0.54
use	0.53
compani	0.53
unsupport	0.53
process	0.5
price	0.47
supp	0.47
import	0.44
salesperson	0.44
filter	0.43
fals	0.43
rule	0.43
templat	0.41000000000000003
total	0.41
asset	0.41
cumul	0.4
confirm	0.4
currenc	0.39
track	0.38
valu	0.37
test	0.36
column	0.35
buyer	0.35
quantiti	0.34
deliv	0.33
local	0.32
domain	0.32
strong	0.32
date	0.32
paid	0.31
nomenclatur	0.31
team	0.31
spread	0.31
catalog	0.3
partial	0.29
commit	0.29
pack	0.29
translat	0.29
download	0.28
messag	0.28
futur	0.27
pleas	0.27
imput	0.26
check	0.26
info	0.25
taker	0.25
context	0.24
print	0.23
null	0.23
undeliv	0.23
unknown	0.23
maxim	0.22
consolid	0.22
split	0.22
contact	0.22
file	0.22
relat	0.22
undo	0.21
verifi	0.21
appli	0.21
model	0.21
receipt	0.21
inform	0.2
realiz	0.2
european	0.2
meta	0.2
contract	0.2
code	0.19
discount	0.19
unit	0.19
default	0.19
action	0.18
extern	0.18
