servic	32.54
account	29.599999999999998
invoic	20.5
self	20.16
payment	18.38
line	15.72
reconcil	9.9
control	9.66
repositori	9.139999999999999
batch	9.12
voucher	8.17
partner	7.050000000000001
fix	6.83
import	6.380000000000001
reimburs	6.14
valid	5.94
analyt	5.9399999999999995
manag	5.570000000000001
cancel	4.95
asset	4.79
ventil	4.74
comput	4.49
workflow	4.38
journal	4.2299999999999995
recoveri	4.12
credit	3.99
creat	3.9500000000000006
releas	3.54
debt	3.52
compani	3.3800000000000003
schedul	3.21
irrecover	3.17
sequenc	3.17
gener	3.12
situat	3.1
debit	3.04
deposit	2.92
reject	2.7800000000000002
export	2.7800000000000002
budget	2.71
pour	2.69
code	2.62
templat	2.6100000000000003
anomali	2.55
slip	2.54
group	2.44
copi	2.3800000000000003
statu	2.2800000000000002
date	2.28
balanc	2.2
report	2.18
notif	2.04
custom	2.04
total	2.0300000000000002
tool	1.99
factori	1.99
refund	1.96
strategi	1.96
bank	1.92
period	1.86
element	1.84
chart	1.82
save	1.7999999999999998
updat	1.78
domain	1.74
transfer	1.68
excess	1.66
number	1.6400000000000001
annual	1.63
doubt	1.57
print	1.5
state	1.5
configur	1.48
clearanc	1.45
depreci	1.41
realiz	1.3900000000000001
grid	1.36
mode	1.3599999999999999
year	1.31
distribut	1.29
fiscal	1.27
messag	1.25
form	1.17
archiv	1.1400000000000001
user	1.12
revers	1.12
filter	1.1099999999999999
remain	1.1
dispos	1.06
close	1.05
payer	1.04
remov	1.04
adjust	1.01
popul	1.0
posit	1.0
price	0.98
specif	0.96
advanc	0.96
extract	0.89
oper	0.8799999999999999
action	0.8700000000000001
context	0.85
chain	0.85
unit	0.84
process	0.81
paid	0.79
address	0.77
compar	0.74
pass	0.74
true	0.73
qualiti	0.71
select	0.71
check	0.68
fals	0.6799999999999999
record	0.6599999999999999
model	0.65
assist	0.63
stop	0.63
uncheck	0.62
default	0.61
test	0.59
popup	0.59
note	0.5800000000000001
tier	0.5700000000000001
modul	0.57
receipt	0.56
reset	0.52
discount	0.52
transmit	0.51
sender	0.51
automat	0.5
degress	0.48
valu	0.48
queri	0.48
concern	0.47
draft	0.46
mass	0.43
confirm	0.43
supplier	0.43
linear	0.42
load	0.41000000000000003
expens	0.39
type	0.36
label	0.35
product	0.35
recipi	0.34
shift	0.33
input	0.33
refer	0.33
comp	0.3
share	0.3
convert	0.3
percent	0.29
axe	0.28
tail	0.28
timezon	0.27
graph	0.27
hidden	0.27
debtor	0.27
data	0.26
flag	0.26
pend	0.26
determin	0.26
origin	0.26
tax	0.26
publish	0.25
higher	0.25
outer	0.25
human	0.25
invers	0.25
factor	0.25
folder	0.24
public	0.24
option	0.24
order	0.23
residu	0.23
calcul	0.23
delet	0.23
current	0.23
instal	0.22
titl	0.22
merg	0.22
currenc	0.22
multipl	0.22
closur	0.22
month	0.22
equiv	0.21
local	0.21
wrong	0.21
reload	0.21
parent	0.21
purchas	0.21
increment	0.21
unknown	0.21
item	0.2
cash	0.2
clean	0.2
session	0.2
condit	0.2
search	0.19
download	0.19
percentag	0.19
loop	0.19
path	0.19
join	0.19
initi	0.19
resourc	0.19
categori	0.19
wizard	0.19
continu	0.18
left	0.18
