panel	11.219999999999999
command	7.1899999999999995
listen	4.77
product	4.550000000000001
interfac	4.1499999999999995
order	4.09
action	3.9700000000000006
process	3.21
focu	3.07
font	2.73
cell	2.6
perform	2.57
cancel	2.41
measur	2.4
credit	2.4
execut	2.27
mous	2.2199999999999998
type	2.19
price	2.18
refresh	2.08
withdraw	1.99
immedi	1.96
load	1.92
statement	1.8199999999999998
ticket	1.73
class	1.71
phone	1.66
gener	1.6400000000000001
payment	1.62
sale	1.6199999999999999
keyboard	1.5900000000000003
event	1.56
abstract	1.54
bank	1.5299999999999998
revers	1.48
transact	1.46
close	1.44
invoic	1.4300000000000002
user	1.42
scale	1.3900000000000001
locat	1.36
tabl	1.35
print	1.34
total	1.33
card	1.33
border	1.29
line	1.28
compon	1.27
creat	1.27
text	1.23
main	1.1300000000000001
dialog	1.09
info	1.0899999999999999
anoth	1.07
column	1.04
button	1.02
handler	1.01
driver	0.99
weight	0.9700000000000001
valu	0.96
return	0.9500000000000001
releas	0.95
date	0.9400000000000001
result	0.93
list	0.92
captur	0.9199999999999999
field	0.91
bold	0.9
collect	0.88
timer	0.8700000000000001
height	0.8500000000000001
queri	0.8499999999999999
badg	0.84
grow	0.83
citi	0.8200000000000001
save	0.8200000000000001
imag	0.79
complet	0.79
pad	0.76
coalesc	0.74
client	0.74
base	0.74
key	0.73
error	0.73
manag	0.73
alloc	0.73
width	0.71
reset	0.71
press	0.71
memo	0.7
sequenc	0.69
electron	0.69
join	0.68
discount	0.6799999999999999
function	0.67
lost	0.67
gain	0.67
append	0.66
postal	0.66
connect	0.65
start	0.65
document	0.6499999999999999
true	0.61
stop	0.61
ctrl	0.6
port	0.5900000000000001
prepar	0.5900000000000001
margin	0.5800000000000001
email	0.5800000000000001
grand	0.5700000000000001
dispos	0.5700000000000001
click	0.57
account	0.56
shadow	0.55
span	0.54
receiv	0.54
menu	0.53
edit	0.5
drawer	0.5
color	0.48
actual	0.48
printer	0.48
confirm	0.48
medium	0.47
paid	0.47
null	0.45
background	0.45
convers	0.45
host	0.44
wrap	0.44
cooki	0.4
toggl	0.4
left	0.4
layout	0.4
includ	0.4
charg	0.4
summari	0.39
editor	0.38
like	0.36
login	0.36
placehold	0.35
warehous	0.34
cash	0.34
commit	0.33
window	0.33
disconnect	0.33
overflow	0.31
tray	0.3
handl	0.3
gradient	0.29
unlock	0.29
mandatori	0.27
fail	0.27
inner	0.27
resiz	0.27
partner	0.26
ship	0.26
redesign	0.25
expect	0.25
finish	0.25
file	0.25
previou	0.25
shown	0.25
lock	0.25
gitter	0.24
defin	0.24
combo	0.24
contact	0.24
counter	0.24
categori	0.23
currenc	0.23
inlin	0.22
path	0.22
enter	0.21
basic	0.21
calcul	0.21
descript	0.21
differ	0.21
object	0.2
style	0.2
linear	0.2
password	0.2
auto	0.2
modal	0.2
server	0.2
busi	0.2
dispatch	0.2
valid	0.2
sourc	0.2
expand	0.19
content	0.19
newli	0.19
mismatch	0.19
size	0.19
invoc	0.19
decrement	0.19
histori	0.19
remov	0.19
shipment	0.19
transfer	0.19
right	0.18
display	0.18
col	0.18
support	0.18
tender	0.18
paint	0.18
open	0.18
receipt	0.18
