bank	44.71
servic	13.66
element	12.690000000000003
payment	12.49
order	11.229999999999999
statement	8.370000000000001
certif	7.739999999999999
http	6.170000000000001
file	5.890000000000001
build	5.730000000000001
batch	5.48
reconcili	5.23
repositori	4.74
line	4.4
request	3.97
byte	3.77
respons	3.66
control	3.6500000000000004
digest	3.6100000000000003
signatur	3.59
transfer	3.45
self	3.3900000000000006
manag	3.1399999999999997
partner	3.08
creat	2.83
gener	2.77
account	2.49
report	2.41
content	2.39
invoic	2.26
schedul	2.1399999999999997
send	2.1399999999999997
domain	2.1300000000000003
array	2.0900000000000003
data	1.9400000000000002
sender	1.92
user	1.89
factori	1.68
pain	1.68
segment	1.6700000000000002
comput	1.5999999999999999
valid	1.59
debit	1.58
initi	1.5699999999999998
select	1.52
code	1.4400000000000002
unsecur	1.4300000000000002
remov	1.42
direct	1.37
merg	1.36
type	1.33
reject	1.26
area	1.22
app	1.2
root	1.1800000000000002
receipt	1.17
origin	1.08
constant	1.0
joiner	0.94
save	0.91
number	0.8799999999999999
copi	0.87
statu	0.8699999999999999
block	0.8500000000000001
institut	0.81
session	0.78
receiv	0.77
zone	0.75
test	0.72
import	0.72
splitter	0.7
directori	0.69
proxi	0.68
local	0.6699999999999999
sequenc	0.6599999999999999
sign	0.65
credit	0.65
reconcil	0.6499999999999999
cach	0.63
default	0.63
pretti	0.62
encrypt	0.62
currenc	0.61
trace	0.61
piec	0.6
journal	0.5900000000000001
cash	0.5800000000000001
configur	0.5700000000000001
product	0.56
cancel	0.54
stream	0.52
uncheck	0.5
ascii	0.5
transact	0.5
timezon	0.5
print	0.49
compani	0.49
wizard	0.48
languag	0.48
length	0.48
tran	0.48
modul	0.47
monthli	0.47
store	0.46
exceed	0.46
list	0.46
relat	0.46
pleas	0.46
support	0.45
date	0.45
reimburs	0.45
maximum	0.44
stop	0.44
invalid	0.43
miss	0.43
possibl	0.42
authent	0.41000000000000003
read	0.41000000000000003
grid	0.4
input	0.4
revers	0.38
char	0.37
pad	0.37
pars	0.36
info	0.36
attribut	0.36
alia	0.35
deprec	0.34
zip	0.34
supplier	0.34
alreadi	0.33
fetch	0.33
addit	0.33
password	0.32
privat	0.32
extract	0.31
oper	0.31
clear	0.3
signatori	0.3
nonc	0.3
context	0.3
inform	0.3
exist	0.29
identifi	0.29
append	0.29
canon	0.29
pair	0.28
transmit	0.28
unzip	0.28
treasuri	0.28
make	0.27
null	0.27
enabl	0.26
mode	0.26
core	0.26
folder	0.26
hidden	0.26
upper	0.26
check	0.25
load	0.25
suggest	0.25
host	0.25
anomali	0.25
reason	0.25
launch	0.24
true	0.24
tool	0.24
header	0.23
format	0.23
applic	0.23
download	0.23
record	0.23
popup	0.22
prefix	0.22
equal	0.22
compress	0.22
popul	0.22
process	0.22
iban	0.22
chang	0.21
write	0.2
verifi	0.2
base	0.2
decod	0.2
reach	0.2
transport	0.2
model	0.2
consolid	0.2
path	0.2
case	0.2
form	0.19
filter	0.19
confirm	0.19
schema	0.19
string	0.19
distinct	0.19
insert	0.18
