connect	12.689999999999998
action	10.58
editor	10.52
mous	10.479999999999999
valu	9.360000000000001
info	9.3
select	9.250000000000002
databas	8.86
tabl	8.760000000000002
languag	8.46
perform	8.42
password	8.350000000000001
cell	8.16
user	7.990000000000002
role	6.690000000000003
version	6.540000000000002
panel	6.23
column	5.92
date	5.860000000000001
enter	5.790000000000001
dialog	5.719999999999999
window	5.640000000000001
chang	5.19
compon	5.18
focu	5.09
product	4.99
order	4.880000000000001
dispos	4.640000000000001
listen	4.26
locat	4.11
tree	4.0200000000000005
viewer	3.9699999999999998
load	3.96
wiki	3.93
join	3.9099999999999997
payment	3.84
line	3.7999999999999994
start	3.79
script	3.74
resourc	3.71
acct	3.6900000000000004
process	3.69
warehous	3.6500000000000004
packag	3.54
html	3.51
attribut	3.4400000000000004
match	3.4099999999999997
invoic	3.38
field	3.31
background	3.22
conflict	3.18
head	3.1499999999999995
screen	3.1300000000000003
bodi	3.13
upgrad	3.0899999999999994
bank	3.0500000000000003
node	3.03
search	3.0100000000000002
currenc	2.99
print	2.88
account	2.87
inner	2.8300000000000005
mandatori	2.68
report	2.58
delet	2.5300000000000002
text	2.4899999999999998
record	2.4499999999999997
display	2.4400000000000004
mnemon	2.44
factori	2.3600000000000003
zoom	2.34
paint	2.32
instanc	2.29
size	2.23
auto	2.21
app	2.19
queri	2.13
element	2.12
grid	2.09
movement	2.08
edit	2.06
tanneri	2.06
monro	2.06
button	2.02
gener	2.0
login	1.98
prefer	1.98
save	1.94
format	1.89
type	1.8699999999999999
combo	1.85
refresh	1.78
imag	1.77
popup	1.7600000000000002
file	1.76
import	1.75
help	1.74
tutori	1.7200000000000002
upper	1.72
write	1.69
outer	1.65
error	1.64
region	1.63
citi	1.61
server	1.6
host	1.6
charg	1.6
http	1.59
caret	1.55
layout	1.54
shipment	1.53
applet	1.52
form	1.5
adapt	1.4500000000000002
merg	1.44
creat	1.4399999999999997
invalid	1.4300000000000002
bean	1.4200000000000002
menu	1.39
export	1.38
statement	1.36
offset	1.3599999999999999
archiv	1.35
mini	1.33
transfer	1.2999999999999998
inventori	1.29
string	1.2899999999999998
updat	1.2899999999999998
read	1.28
icon	1.27
statu	1.27
translat	1.26
manag	1.26
assign	1.23
lost	1.21
coalesc	1.1700000000000002
execut	1.17
clear	1.1600000000000001
list	1.15
swing	1.1400000000000001
request	1.1300000000000001
pane	1.1300000000000001
font	1.12
worker	1.12
length	1.1
chart	1.09
mainten	1.0899999999999999
client	1.08
attach	1.08
model	1.07
view	1.06
left	1.05
greet	1.04
axi	1.03
klient	1.0299999999999998
base	1.02
open	1.02
graph	1.0
local	1.0
enabl	1.0
paramet	0.99
workbench	0.99
day	0.98
launch	0.97
combin	0.97
onlin	0.96
collect	0.94
document	0.93
press	0.9299999999999999
browser	0.9299999999999999
price	0.92
constraint	0.92
schema	0.92
gain	0.9199999999999999
color	0.9
parent	0.8999999999999999
number	0.89
provid	0.89
destroy	0.8899999999999999
calcul	0.88
activ	0.8799999999999999
target	0.8699999999999999
valid	0.8699999999999999
shot	0.8600000000000001
schedul	0.8500000000000001
switch	0.8400000000000001
total	0.8300000000000001
close	0.83
slot	0.83
wait	0.83
class	0.81
cash	0.81
chat	0.81
serif	0.81
check	0.8
handler	0.8
guarante	0.8
foreground	0.79
groovi	0.79
busi	0.79
data	0.79
unlock	0.78
like	0.78
phone	0.77
dark	0.76
support	0.75
calendar	0.75
messag	0.74
smart	0.74
releas	0.74
visit	0.73
travers	0.72
asset	0.72
jpeg	0.71
program	0.7
time	0.7
switcher	0.69
brows	0.69
konflikt	0.68
insert	0.68
pack	0.68
clean	0.6799999999999999
workflow	0.67
detect	0.66
recreat	0.65
grand	0.65
label	0.63
respons	0.63
child	0.63
current	0.63
count	0.6200000000000001
newlin	0.62
distanc	0.61
copi	0.61
item	0.6000000000000001
alloc	0.6
stop	0.6
trace	0.59
lookup	0.5800000000000001
complet	0.58
success	0.5700000000000001
access	0.5700000000000001
equal	0.5700000000000001
expand	0.56
deliv	0.55
term	0.55
polici	0.55
drag	0.55
state	0.55
header	0.54
argument	0.54
lock	0.53
rule	0.53
shipper	0.53
credit	0.53
decor	0.53
long	0.53
sort	0.52
emb	0.52
printout	0.52
backspac	0.52
integ	0.51
materi	0.51
countri	0.51
featur	0.51
niet	0.51
flavor	0.51
regist	0.51
extens	0.5
right	0.5
border	0.5
timer	0.49
refer	0.49
shift	0.48
properti	0.48
fact	0.47
solut	0.47
contain	0.47
tender	0.46
reserv	0.46
syntax	0.46
sourc	0.45
port	0.45
tri	0.45
shell	0.44999999999999996
descript	0.44
delay	0.43
link	0.43
painter	0.43
printer	0.43
note	0.43
resiz	0.43
post	0.42000000000000004
definit	0.42
sent	0.42
char	0.42
evalu	0.42
hour	0.42
differ	0.41000000000000003
common	0.41000000000000003
favor	0.41000000000000003
implos	0.41
embed	0.4
entr	0.4
subject	0.4
postcod	0.4
licens	0.39
excel	0.39
address	0.39
san	0.39
hash	0.39
brighter	0.38
sprog	0.38
space	0.38
damag	0.38
forward	0.37
receipt	0.37
shelf	0.37
past	0.37
darker	0.36
noth	0.36
nutzer	0.36
modal	0.36
strong	0.35
helper	0.35
null	0.35
placement	0.35
miss	0.34
logo	0.34
pass	0.34
point	0.34
loader	0.33
distribut	0.32
direct	0.32
categori	0.32
aliv	0.32
static	0.32
unsupport	0.32
passwort	0.31
oracl	0.31
ship	0.31
life	0.31
alia	0.3
unknown	0.3
jump	0.3
home	0.29
engin	0.29
card	0.29
true	0.28
ignor	0.28
claus	0.28
interrupt	0.28
introduc	0.28
mode	0.27
convert	0.27
compar	0.27
height	0.27
visibl	0.27
setup	0.26
alon	0.26
project	0.26
entiti	0.26
acceler	0.26
pair	0.26
toggl	0.25
softwar	0.25
small	0.25
roll	0.25
variabl	0.25
gefunden	0.25
thread	0.25
digit	0.25
remov	0.25
serial	0.24
nova	0.24
pisa	0.24
estim	0.24
token	0.24
code	0.24
minut	0.24
control	0.23
uniqu	0.23
multipli	0.23
verbunden	0.23
drop	0.23
lido	0.23
titular	0.23
limb	0.23
migrat	0.23
postal	0.23
group	0.23
filter	0.23
click	0.23
plastic	0.23
garden	0.23
defin	0.23
lead	0.22
page	0.22
stand	0.22
destin	0.22
context	0.22
eingeben	0.22
accept	0.22
pars	0.22
finish	0.22
ver	0.22
warn	0.22
deleg	0.22
width	0.22
applic	0.22
confirm	0.22
cancel	0.21
fast	0.21
ad	0.21
reconcili	0.21
sprach	0.21
datenbank	0.21
book	0.21
howdi	0.21
mask	0.21
becom	0.21
fix	0.21
mark	0.21
unord	0.21
object	0.21
instal	0.2
indic	0.2
issu	0.2
case	0.2
titl	0.2
caption	0.2
loop	0.2
rollen	0.2
anmeldung	0.2
test	0.2
contact	0.2
beep	0.2
yang	0.2
passer	0.2
reset	0.2
world	0.2
custom	0.19
charact	0.19
aid	0.19
payrol	0.19
replenish	0.19
second	0.19
prefix	0.19
histori	0.19
datum	0.19
dato	0.19
exist	0.19
underlin	0.19
paragraph	0.19
highlight	0.19
shown	0.19
lower	0.19
extend	0.18
work	0.18
escap	0.18
content	0.18
minimum	0.18
wrap	0.18
