invoic	2.5300000000000002
candid	1.6800000000000002
order	1.43
check	1.26
docker	1.23
materi	1.15
shipment	1.05
error	0.99
schedul	0.88
client	0.8400000000000001
project	0.83
click	0.8200000000000001
packag	0.79
report	0.76
server	0.7
file	0.67
sequenc	0.6599999999999999
script	0.6499999999999999
log	0.64
menu	0.61
fresh	0.6
miss	0.6
product	0.5900000000000001
caption	0.58
record	0.55
null	0.53
socket	0.53
pack	0.53
jasper	0.51
nativ	0.51
receipt	0.48
match	0.48
queue	0.47
migrat	0.47
process	0.45
languag	0.44
asset	0.44
messag	0.44
identifi	0.44
corner	0.42000000000000004
chrome	0.42000000000000004
ctrl	0.42000000000000004
line	0.42000000000000004
dist	0.41000000000000003
symptom	0.41
tree	0.4
want	0.39
version	0.39
node	0.39
compon	0.38
unit	0.38
extract	0.38
analyz	0.37
ignor	0.36
issu	0.35
diagnos	0.35
inspect	0.35
element	0.35
ursach	0.33
kontaktieren	0.33
german	0.32
swagger	0.31
vari	0.3
erreichbar	0.29
user	0.29
compos	0.29
event	0.29
qualiti	0.29
lock	0.28
handler	0.28
disabl	0.27
chang	0.27
intern	0.27
function	0.26
updat	0.26
java	0.25
port	0.25
contain	0.25
ordinari	0.25
neuer	0.25
children	0.25
uniqu	0.25
consum	0.25
field	0.24
band	0.24
properti	0.24
collect	0.24
snippet	0.24
beim	0.23
startup	0.23
session	0.22
work	0.22
overview	0.22
reachabl	0.22
instanc	0.22
workaround	0.22
gener	0.22
blob	0.21
charact	0.21
handl	0.21
drill	0.21
express	0.2
like	0.2
path	0.2
enabl	0.2
recomput	0.2
network	0.2
insert	0.2
kommentar	0.2
common	0.2
quantiti	0.2
usual	0.19
paramet	0.19
studio	0.19
swiss	0.19
comment	0.19
window	0.19
correct	0.19
multipl	0.19
hilf	0.19
postal	0.19
code	0.19
lack	0.19
send	0.19
hint	0.19
problem	0.18
solv	0.18
summari	0.18
commun	0.18
sale	0.18
support	0.18
bunch	0.18
text	0.18
