partner	8.84
feld	7.580000000000002
neuen	7.5
auftrag	7.169999999999998
lege	6.94
docker	5.909999999999999
fenster	5.900000000000001
produkt	5.739999999999999
instal	4.7700000000000005
import	4.52
address	4.39
erstel	4.3
adress	3.9000000000000004
icon	3.82
field	3.4299999999999997
server	3.4099999999999997
rechnung	3.4000000000000004
workflow	2.9800000000000004
lang	2.9099999999999997
datei	2.8900000000000006
preis	2.8200000000000007
client	2.64
product	2.59
benutz	2.48
erstellt	2.46
klick	2.2399999999999998
installier	2.16
document	2.1399999999999997
java	2.11
zahnrad	2.06
teillieferung	2.05
prozess	1.9
felder	1.8900000000000001
benutzung	1.86
window	1.84
rechn	1.82
preislist	1.7999999999999998
page	1.7899999999999998
languag	1.78
richt	1.7200000000000002
liefer	1.71
importier	1.7
spring	1.6999999999999997
beleg	1.6600000000000001
preissystem	1.5999999999999999
kunden	1.5699999999999998
klicken	1.5599999999999998
kontakt	1.53
lieferung	1.5099999999999998
sammel	1.46
imag	1.44
differ	1.4100000000000001
mail	1.3900000000000001
bestellung	1.39
lager	1.3699999999999999
data	1.3599999999999999
adressen	1.35
umgezogen	1.35
sieht	1.34
unit	1.3
delet	1.28
abweichenden	1.23
weiter	1.21
meng	1.2
importieren	1.2
einrichtung	1.2
open	1.19
startup	1.19
suchen	1.18
cogwheel	1.16
enter	1.16
email	1.15
beispiel	1.12
kund	1.11
order	1.1099999999999999
print	1.1
speichern	1.0999999999999999
nummer	1.09
paramet	1.09
layout	1.0899999999999999
defin	1.07
price	1.06
confirm	1.06
counter	1.05
notif	1.04
auftraggeb	1.03
konfigurier	1.03
invoic	1.03
automatisch	1.02
anlegen	1.01
linux	1.0
list	0.99
zwei	0.98
properti	0.97
belegen	0.97
organis	0.97
format	0.96
seit	0.9500000000000001
prei	0.94
tag	0.94
correspond	0.92
trage	0.9199999999999999
symbol	0.9199999999999999
definier	0.91
script	0.9
anmelden	0.8999999999999999
log	0.89
search	0.8899999999999999
gebind	0.8800000000000001
steuert	0.8800000000000001
file	0.8799999999999999
viel	0.87
tenant	0.87
mittel	0.8600000000000001
vorher	0.8600000000000001
handl	0.8600000000000001
arbeitsablauf	0.86
tast	0.8500000000000001
creat	0.8500000000000001
contact	0.8400000000000001
aktualisier	0.8399999999999999
aussuchen	0.8300000000000001
setzen	0.8200000000000001
stack	0.8200000000000001
teil	0.81
compos	0.79
busi	0.79
organisationen	0.77
jump	0.77
resourc	0.76
zuordnung	0.75
daten	0.74
complet	0.74
collect	0.73
articl	0.72
architectur	0.72
architektur	0.72
artikel	0.71
hard	0.71
aktion	0.7
jahr	0.69
usag	0.69
eingeben	0.69
use	0.69
mandanten	0.69
ordner	0.68
need	0.6799999999999999
site	0.6799999999999999
nutzer	0.67
anred	0.6699999999999999
softwar	0.6699999999999999
snapshot	0.66
recht	0.66
report	0.65
view	0.65
index	0.64
worin	0.63
screen	0.63
perioden	0.62
editier	0.62
unterscheiden	0.61
anfrag	0.61
entfernten	0.6000000000000001
wert	0.6000000000000001
process	0.6000000000000001
insid	0.5900000000000001
roll	0.59
springen	0.59
solut	0.59
benutzern	0.5800000000000001
role	0.56
command	0.55
konzept	0.55
pflicht	0.54
erfolgen	0.53
sieh	0.53
seiten	0.52
headless	0.52
purpos	0.52
specif	0.51
date	0.5
schicken	0.5
artikelnumm	0.5
rung	0.5
verarbeitung	0.5
disk	0.5
eintragen	0.49
sprint	0.49
ganzen	0.49
lieferanten	0.49
komplett	0.48
neue	0.48
diejenigen	0.48
dateien	0.48
custom	0.48
salut	0.47
updat	0.47
deliveri	0.46
gibt	0.45999999999999996
ersten	0.45999999999999996
nutzen	0.45999999999999996
excel	0.45
liefern	0.45
erscheint	0.45
vendor	0.45
mean	0.45
action	0.45
connect	0.45
suitabl	0.45
aktuel	0.45
lieferschein	0.45
configur	0.44999999999999996
geliefert	0.44
master	0.44
python	0.44
verwalten	0.44
pleas	0.44
produc	0.44
packag	0.44
deactiv	0.44
titl	0.43
anstel	0.43
liegt	0.43
meld	0.43
dadurch	0.42000000000000004
aktivierung	0.42000000000000004
aktivieren	0.42000000000000004
wareneingang	0.42
appear	0.42
anmeldung	0.42
entsprechend	0.4
liefermeng	0.4
want	0.4
heutigen	0.4
best	0.4
kriterium	0.4
anforderung	0.4
instruct	0.4
alternativ	0.4
dashboard	0.4
spalten	0.39
andruck	0.39
fertig	0.39
disposit	0.39
sale	0.39
match	0.39
cach	0.39
boot	0.39
version	0.38
datum	0.38
reset	0.38
fakturiert	0.37
ressourcen	0.37
kern	0.37
meantim	0.37
namen	0.37
gebraucht	0.37
abo	0.36
zugleich	0.36
datensatz	0.36
singl	0.36
german	0.36
verarbeitet	0.35
greif	0.35
bestehend	0.35
beziehung	0.35
relat	0.35
queue	0.35
abweichend	0.35
funktioniert	0.35
tage	0.34
stell	0.34
network	0.34
mitarbeit	0.34
text	0.34
sitzung	0.33
aktuellen	0.33
einsehen	0.33
statusmeldung	0.33
enabl	0.33
produziert	0.33
schweiz	0.33
bestellungen	0.32
erzeug	0.32
exportieren	0.32
thema	0.32
spiel	0.32
ubuntu	0.32
meldung	0.32
databas	0.32
numer	0.32
line	0.32
mehrer	0.32
achtung	0.31
remov	0.31
avail	0.31
sung	0.3
user	0.3
export	0.3
explan	0.3
bank	0.3
corner	0.3
meant	0.3
includ	0.3
oben	0.3
suppress	0.29
vertrag	0.29
rang	0.29
rezeptur	0.29
trefferlist	0.29
mausklick	0.29
printer	0.29
verbindung	0.28
haken	0.28
sprach	0.28
installiert	0.28
mitgeben	0.28
access	0.28
verpackung	0.28
rechnungen	0.28
binari	0.27
produktiven	0.27
auswahllist	0.27
beginn	0.27
brauchst	0.27
lauten	0.27
gleichzeitigen	0.27
festplatten	0.27
start	0.27
automat	0.27
pfeiltasten	0.27
elasticsearch	0.27
transakt	0.26
geschlossen	0.26
maustast	0.26
wechseln	0.26
datenbank	0.26
raid	0.26
notwendig	0.26
deutschland	0.26
shipment	0.26
current	0.26
drive	0.26
concept	0.26
prozessen	0.26
produkten	0.26
entfern	0.26
freigeben	0.25
freigab	0.25
abgerechnet	0.25
secondari	0.25
kalend	0.25
lokalen	0.25
quot	0.25
categori	0.25
measur	0.25
case	0.25
reusabl	0.25
konstant	0.25
jasper	0.25
arbeitsschritt	0.24
sollen	0.24
band	0.24
reaktivieren	0.24
end	0.24
genau	0.24
aktivier	0.24
erzeugt	0.24
sicher	0.24
einand	0.24
verzeichni	0.24
standard	0.24
incom	0.24
type	0.24
send	0.24
lower	0.24
packung	0.24
erforderlich	0.23
ausgeliefert	0.23
lupe	0.23
klappt	0.23
angezeigten	0.23
sicherstellen	0.23
entsprechen	0.23
rechnungserstellung	0.23
passwort	0.23
aktualisieren	0.23
vergab	0.23
simpel	0.23
cash	0.23
choos	0.23
andernfal	0.23
vorlag	0.23
verhalten	0.23
path	0.22
exportier	0.22
wiki	0.22
schau	0.22
mach	0.22
zugeordnet	0.22
land	0.22
anleitung	0.22
miteinand	0.22
vorgang	0.22
backup	0.22
ordn	0.22
zweck	0.22
unix	0.22
verwenden	0.22
receiv	0.22
navig	0.22
crate	0.22
aid	0.22
systemkonfigur	0.22
mark	0.22
default	0.22
mani	0.22
beliebig	0.22
schritt	0.22
express	0.21
gefiltert	0.21
aktualisiert	0.21
bedeuten	0.21
worau	0.21
anzahl	0.21
versu	0.21
firm	0.21
deviat	0.21
multipl	0.21
entri	0.21
enthalten	0.21
zusammenfassung	0.21
regel	0.21
technisch	0.21
arten	0.21
like	0.2
entscheid	0.2
konnt	0.2
ergibt	0.2
aktiviert	0.2
punkt	0.2
glich	0.2
ladeprogramm	0.2
mailserv	0.2
konto	0.2
kopieren	0.2
setzt	0.2
wurden	0.2
fertigstellen	0.2
findest	0.2
chang	0.2
preview	0.2
compris	0.2
magnifi	0.2
zugriffsrecht	0.2
derzeitigen	0.2
okay	0.2
upgrad	0.2
press	0.2
ermittlung	0.2
bereit	0.2
distribut	0.2
treffer	0.2
setup	0.2
work	0.2
voraussetzung	0.2
sehen	0.2
oberhalb	0.2
usual	0.19
beauftragt	0.19
gesetzt	0.19
wildcard	0.19
bestimmt	0.19
fehlermeldungen	0.19
builder	0.19
kommt	0.19
grupp	0.19
vertragsbedingung	0.19
zuordnungen	0.19
zusammen	0.19
regist	0.19
beim	0.19
angezeigt	0.19
ausnahm	0.19
click	0.19
posit	0.19
fasst	0.19
entscheidet	0.19
bitt	0.19
regeln	0.19
erfolgt	0.19
steuern	0.19
herau	0.18
weis	0.18
besten	0.18
ausgehenden	0.18
auszuschalten	0.18
bankverbindung	0.18
period	0.18
verwendet	0.18
tausch	0.18
mandatori	0.18
notwendigen	0.18
exampl	0.18
restart	0.18
suggest	0.18
arrow	0.18
wiederum	0.18
fall	0.18
attempt	0.18
konfigurieren	0.18
unterhalb	0.18
