servic	229.98999999999995
self	97.21
control	72.36000000000001
order	71.32
stock	63.339999999999996
line	62.92000000000001
repositori	58.129999999999995
bank	57.42
invoic	54.81
project	47.33
import	44.879999999999995
sale	43.480000000000004
batch	42.75
product	41.010000000000005
account	39.63999999999999
purchas	38.43000000000001
payment	37.080000000000005
gener	29.05
manag	28.700000000000003
partner	28.0
comput	26.129999999999995
configur	23.51
messag	22.950000000000003
file	22.57
busi	20.89
address	20.32
templat	19.82
date	18.42
contract	18.369999999999997
modul	18.150000000000006
valid	15.710000000000003
print	15.62
task	15.509999999999998
element	15.220000000000002
form	15.15
copi	14.87
compani	14.730000000000002
locat	14.450000000000001
export	14.41
tool	13.920000000000003
meta	13.879999999999999
analyt	13.490000000000002
voucher	13.38
data	13.12
creat	13.09
save	12.689999999999996
advanc	12.540000000000003
team	12.34
user	12.01
price	11.89
workflow	11.66
model	11.559999999999999
supplier	11.270000000000001
test	11.26
qualiti	11.210000000000003
field	11.190000000000001
event	11.149999999999999
select	11.05
email	10.959999999999999
code	10.940000000000003
remov	10.91
http	10.840000000000002
oper	10.79
reconcil	10.55
base	10.48
employe	10.47
uncheck	10.419999999999998
statu	10.240000000000002
prod	10.139999999999999
factori	10.12
request	10.06
builder	9.81
forecast	9.76
lead	9.63
certif	9.559999999999999
report	9.24
logist	9.2
expens	9.16
grid	9.09
cost	9.06
updat	8.999999999999998
timer	8.82
sequenc	8.729999999999999
statement	8.370000000000001
mail	8.190000000000001
durat	8.12
cancel	8.08
materi	8.08
anomali	8.05
true	7.95
unit	7.940000000000001
fix	7.94
opportun	7.91
process	7.670000000000001
object	7.66
target	7.609999999999999
lunch	7.540000000000001
action	7.46
valu	7.440000000000001
plan	7.4
track	7.289999999999999
pleas	7.270000000000001
leav	7.21
mani	7.16
remind	6.8999999999999995
reserv	6.84
chain	6.829999999999999
schedul	6.77
wizard	6.760000000000001
send	6.68
credit	6.65
build	6.630000000000001
pour	6.62
reimburs	6.59
total	6.4
ventil	6.37
train	6.36
situat	6.36
domain	6.33
creator	6.279999999999999
sheet	6.19
budget	6.1
asset	6.02
merg	5.970000000000001
number	5.949999999999999
envelop	5.82
discount	5.54
list	5.51
timezon	5.48
group	5.4799999999999995
studio	5.4799999999999995
currenc	5.45
contact	5.4399999999999995
check	5.43
period	5.43
respons	5.3999999999999995
transfer	5.39
inventori	5.279999999999999
context	5.260000000000001
vehicl	5.24
reconcili	5.23
countri	5.210000000000001
hour	5.140000000000001
filter	5.13
calendar	5.08
distribut	5.07
journal	5.069999999999999
suppli	5.0600000000000005
debit	5.01
type	4.98
analysi	4.8999999999999995
reject	4.890000000000001
strategi	4.8100000000000005
talent	4.63
demo	4.609999999999999
catalog	4.6
version	4.57
script	4.51
ticket	4.47
sign	4.460000000000001
menu	4.45
custom	4.43
time	4.359999999999999
session	4.27
declar	4.27
static	4.18
avail	4.13
recoveri	4.12
releas	4.1
byte	4.06
indic	4.02
path	4.01
engin	4.0
year	3.99
weekli	3.93
convers	3.8900000000000006
origin	3.8400000000000007
formula	3.8299999999999996
recap	3.8200000000000003
convert	3.75
rate	3.69
local	3.67
posit	3.67
global	3.66
popul	3.65
digest	3.6100000000000003
signatur	3.59
exchang	3.5700000000000003
consum	3.57
start	3.5599999999999996
portal	3.5500000000000003
rest	3.52
debt	3.52
excel	3.4600000000000004
resourc	3.4000000000000004
layout	3.39
set	3.3899999999999997
view	3.37
alarm	3.37
content	3.3400000000000003
search	3.3100000000000005
thread	3.28
human	3.25
applic	3.2100000000000004
irrecover	3.17
citi	3.12
apprais	3.1100000000000003
error	3.1
stop	3.0799999999999996
market	3.06
employ	3.0
main	2.99
backup	2.9899999999999998
chart	2.9299999999999997
deposit	2.92
timet	2.9000000000000004
password	2.88
reader	2.8499999999999996
fiscal	2.83
default	2.82
execut	2.76
prompt	2.75
initi	2.73
cash	2.71
fals	2.6999999999999997
node	2.69
folder	2.6500000000000004
prepar	2.63
real	2.6100000000000003
histori	2.6
trace	2.57
slip	2.54
lower	2.4899999999999998
requir	2.47
consumpt	2.4699999999999998
block	2.46
info	2.44
titl	2.44
regist	2.43
month	2.43
sender	2.4299999999999997
conform	2.4299999999999997
manifest	2.42
queri	2.41
refresh	2.39
correct	2.36
popup	2.35
null	2.33
day	2.2800000000000002
app	2.24
translat	2.24
assist	2.2399999999999998
header	2.22
monik	2.22
extra	2.2199999999999998
relat	2.21
support	2.21
download	2.21
balanc	2.2
payrol	2.1999999999999997
miss	2.14
state	2.13
fuel	2.13
close	2.12
realiz	2.1100000000000003
array	2.0900000000000003
valuat	2.09
calcul	2.07
archiv	2.06
char	2.05
class	2.05
annex	2.05
verifi	2.04
notif	2.04
multi	2.0300000000000002
multipl	2.03
reset	2.0
week	1.98
extract	1.9699999999999998
parent	1.96
refund	1.96
hidden	1.9500000000000002
client	1.95
receipt	1.94
propos	1.93
frequenc	1.9200000000000002
rule	1.9
label	1.8900000000000001
confirm	1.88
attende	1.88
bonu	1.87
fleet	1.8599999999999999
annual	1.8399999999999999
comment	1.83
directori	1.82
mobil	1.82
mode	1.7999999999999998
permiss	1.79
pick	1.7899999999999998
access	1.77
margin	1.7699999999999998
variant	1.7599999999999998
charg	1.75
trade	1.74
adjust	1.74
writer	1.72
cipher	1.69
googl	1.69
direct	1.6800000000000002
pain	1.68
segment	1.6700000000000002
excess	1.66
area	1.65
string	1.65
warn	1.64
listen	1.64
finish	1.5799999999999998
hello	1.57
progress	1.57
doubt	1.57
persist	1.56
clean	1.53
enabl	1.5299999999999998
fault	1.51
revers	1.5
quotat	1.49
write	1.46
synchron	1.46
pictur	1.45
clearanc	1.45
deliveri	1.4400000000000002
unsecur	1.4300000000000002
phone	1.43
member	1.42
color	1.42
fetch	1.4100000000000001
work	1.41
depreci	1.41
forc	1.4
admin	1.4
style	1.3800000000000001
tabl	1.3800000000000001
decim	1.37
quantiti	1.36
height	1.3599999999999999
level	1.34
span	1.3399999999999999
alreadi	1.32
pad	1.3099999999999998
bodi	1.3
holiday	1.3
result	1.28
subscript	1.28
left	1.2799999999999998
machin	1.2799999999999998
campaign	1.26
alert	1.24
store	1.22
wait	1.21
expir	1.21
public	1.21
count	1.21
alloc	1.2000000000000002
record	1.2
prioriti	1.19
root	1.1800000000000002
chunk	1.1800000000000002
duplic	1.18
encrypt	1.17
current	1.17
success	1.1600000000000001
outgo	1.1600000000000001
connect	1.16
flush	1.16
intens	1.15
server	1.1400000000000001
condit	1.1400000000000001
exampl	1.14
link	1.14
append	1.1300000000000001
imag	1.1300000000000001
barcod	1.13
bean	1.12
languag	1.1099999999999999
extern	1.1
today	1.1
appli	1.1
paid	1.1
remain	1.1
world	1.09
truncat	1.09
receptor	1.0899999999999999
cach	1.08
signer	1.08
uniqu	1.08
refer	1.08
icon	1.08
dashboard	1.08
attribut	1.0799999999999998
dispos	1.06
invalid	1.05
switch	1.05
payer	1.04
draft	1.03
observ	1.02
embed	1.02
restor	1.02
maker	1.01
partial	1.01
equiv	1.01
constant	1.0
strong	1.0
serial	1.0
ship	1.0
input	0.99
pars	0.99
categori	0.99
alon	0.99
increment	0.98
receiv	0.97
format	0.97
overflow	0.97
java	0.97
use	0.97
upper	0.96
termin	0.96
digit	0.96
specif	0.96
threshold	0.9500000000000001
zone	0.95
text	0.95
common	0.95
twitter	0.95
manufactur	0.95
guest	0.9400000000000001
joiner	0.94
peopl	0.93
bootstrap	0.9299999999999999
timeout	0.92
role	0.9199999999999999
editor	0.9199999999999999
averag	0.9
transact	0.89
make	0.89
mass	0.89
clear	0.8899999999999999
function	0.8800000000000001
load	0.88
launch	0.88
activ	0.88
empti	0.88
groovi	0.8700000000000001
dynam	0.87
disconnect	0.87
open	0.8600000000000001
featur	0.8500000000000001
properti	0.8300000000000001
match	0.83
stream	0.8200000000000001
everi	0.8200000000000001
capac	0.8200000000000001
altern	0.82
split	0.82
institut	0.81
refus	0.81
note	0.81
transit	0.81
longitud	0.8099999999999999
latitud	0.8099999999999999
disallow	0.8
audit	0.8
cycl	0.8
transmit	0.79
verif	0.79
workspac	0.79
associ	0.79
hire	0.78
length	0.77
propag	0.77
matur	0.77
inform	0.76
chang	0.76
interceptor	0.76
blank	0.76
join	0.75
return	0.75
accept	0.74
compar	0.74
pass	0.74
read	0.73
equal	0.73
street	0.73
section	0.73
standalon	0.73
weight	0.72
splitter	0.7
occur	0.7
ancillari	0.7
anonym	0.7
ascii	0.69
exist	0.69
throw	0.69
math	0.69
recurr	0.69
continu	0.69
senior	0.69
turnov	0.69
proxi	0.68
unsolv	0.68
width	0.6799999999999999
prefix	0.67
entiti	0.67
abstract	0.67
mapper	0.6699999999999999
prospect	0.66
suggest	0.6599999999999999
variat	0.6599999999999999
sync	0.65
revis	0.65
instal	0.65
distanc	0.65
regener	0.6499999999999999
delet	0.64
worker	0.64
particip	0.6399999999999999
reason	0.63
point	0.63
pretti	0.62
packag	0.62
imput	0.62
desk	0.62
tree	0.6100000000000001
invit	0.6100000000000001
help	0.61
piec	0.6
panel	0.6
plu	0.5900000000000001
refin	0.59
estim	0.59
index	0.5800000000000001
good	0.5800000000000001
tier	0.5700000000000001
robot	0.57
column	0.55
theme	0.55
birth	0.54
output	0.54
second	0.54
hibern	0.54
host	0.53
postcod	0.53
percent	0.53
footer	0.53
size	0.53
unsupport	0.53
edit	0.53
suit	0.53
privat	0.52
unlock	0.52
spread	0.52
bundl	0.52
rack	0.52
subject	0.51
licens	0.51
summari	0.51
agent	0.51
background	0.51
provid	0.51
alpha	0.5
tracker	0.5
ratio	0.5
like	0.5
short	0.5
tax	0.5
automat	0.5
ongo	0.49
auto	0.49
react	0.49
solv	0.49
tran	0.48
champ	0.48
complet	0.48
pack	0.48
futur	0.48
degress	0.48
strict	0.47000000000000003
post	0.47000000000000003
monthli	0.47
exact	0.47
flatten	0.47
pattern	0.47
book	0.47
supp	0.47
concern	0.47
exceed	0.46
treat	0.46
minut	0.46
worth	0.46
gray	0.46
present	0.45999999999999996
fixer	0.45
sent	0.45
rappel	0.45
unreleas	0.45
button	0.45
maximum	0.44
media	0.44
overal	0.44
salesperson	0.44
unknown	0.44
mark	0.43000000000000005
executor	0.43
invok	0.43
log	0.43
definit	0.43
consolid	0.42000000000000004
item	0.42000000000000004
possibl	0.42
recruit	0.42
contain	0.42
relationship	0.42
express	0.42
lock	0.42
linear	0.42
authent	0.41000000000000003
criteria	0.41000000000000003
proforma	0.41000000000000003
bind	0.41
extens	0.41
deadlin	0.41
want	0.41
flow	0.41
distinct	0.4
engag	0.4
map	0.4
cumul	0.4
case	0.39
trait	0.39
premis	0.39
safe	0.39
document	0.39
consult	0.39
recent	0.39
pallet	0.39
virtual	0.39
resolv	0.39
attach	0.38
enhanc	0.38
produc	0.38
parcel	0.38
insert	0.37
conduct	0.37
random	0.37
departur	0.37
imposs	0.37
phase	0.37
loop	0.37
design	0.37
upload	0.36
alia	0.35
contributor	0.35
channel	0.35
accent	0.35
expect	0.35
optim	0.35
collect	0.35
coeffici	0.35
arriv	0.35
appropri	0.35
buyer	0.35
deprec	0.34
zip	0.34
issu	0.34
recipi	0.34
method	0.34
choos	0.33
addit	0.33
fail	0.33
deliv	0.33
shift	0.33
integ	0.33
past	0.32
ordr	0.32
spec	0.32
databas	0.31
anoth	0.31
destin	0.31
respect	0.31
skip	0.31
nomenclatur	0.31
entri	0.31
bound	0.31
diagram	0.31
signatori	0.3
nonc	0.3
pierr	0.3
separ	0.3
lang	0.3
storag	0.3
regard	0.3
emit	0.3
comp	0.3
share	0.3
identifi	0.29
canon	0.29
uri	0.29
right	0.29
special	0.29
driver	0.29
limit	0.29
bit	0.29
commit	0.29
alter	0.29
pair	0.28
unzip	0.28
treasuri	0.28
filenam	0.28
interact	0.28
final	0.28
axe	0.28
tail	0.28
carrier	0.28
dummi	0.28
renew	0.27
hash	0.27
align	0.27
ration	0.27
graph	0.27
debtor	0.27
awesom	0.27
travers	0.27
core	0.26
microsecond	0.26
deleg	0.26
modifi	0.26
dirti	0.26
lancer	0.26
coalesc	0.26
financi	0.26
center	0.26
flag	0.26
pend	0.26
determin	0.26
cast	0.26
space	0.26
queue	0.25
superior	0.25
malform	0.25
unread	0.25
thursday	0.25
wednesday	0.25
tuesday	0.25
friday	0.25
monday	0.25
saturday	0.25
cell	0.25
sinc	0.25
outsourc	0.25
taker	0.25
offset	0.25
publish	0.25
higher	0.25
outer	0.25
invers	0.25
factor	0.25
subtot	0.25
score	0.24
copyright	0.24
click	0.24
logo	0.24
dump	0.24
sunday	0.24
wast	0.24
sampl	0.24
impos	0.24
cart	0.24
option	0.24
french	0.24
moment	0.24
minu	0.23
display	0.23
meet	0.23
undeliv	0.23
residu	0.23
compress	0.22
iban	0.22
social	0.22
network	0.22
basic	0.22
quartz	0.22
certifi	0.22
signal	0.22
long	0.22
handler	0.22
maxim	0.22
serv	0.22
closur	0.22
spend	0.22
suppos	0.21
enter	0.21
capit	0.21
phantom	0.21
potenti	0.21
children	0.21
follow	0.21
aztec	0.21
stand	0.21
undo	0.21
amend	0.21
wrong	0.21
reload	0.21
invent	0.21
decod	0.2
reach	0.2
transport	0.2
declin	0.2
incomplet	0.2
pink	0.2
european	0.2
paus	0.2
schema	0.19
shut	0.19
cross	0.19
neg	0.19
evalu	0.19
orang	0.19
sort	0.19
handl	0.19
push	0.19
indirect	0.19
scope	0.19
workbook	0.19
branch	0.19
plugin	0.19
justif	0.19
percentag	0.19
perish	0.19
platform	0.19
super	0.19
tacit	0.18
maintain	0.18
modif	0.18
need	0.18
yellow	0.18
boolean	0.18
normal	0.18
shape	0.18
incom	0.18
