contract	14.62
batch	4.95
servic	2.9799999999999995
consumpt	2.4699999999999998
version	2.46
line	2.0599999999999996
control	1.93
self	1.6900000000000002
invoic	1.66
factori	1.51
repositori	1.44
date	1.22
modul	0.99
comput	0.99
termin	0.96
configur	0.9299999999999999
statu	0.73
test	0.72
current	0.61
model	0.5900000000000001
gener	0.59
analyt	0.58
unit	0.54
templat	0.51
grid	0.51
anomali	0.49
ongo	0.49
valu	0.45
activ	0.44
copi	0.42000000000000004
engag	0.4
increment	0.39
wait	0.35
pleas	0.35
form	0.28
filter	0.27
renew	0.27
durat	0.27
price	0.25
header	0.24
sale	0.24
treat	0.23
prepar	0.23
messag	0.22
forc	0.21
true	0.21
suppos	0.21
sequenc	0.21
enter	0.21
chang	0.2
distribut	0.2
class	0.19
product	0.18
tacit	0.18
