page	2.5999999999999996
bash	2.37
includ	1.97
highlight	1.81
tag	1.25
lang	1.12
join	1.05
product	0.95
invoic	0.91
start	0.76
camel	0.71
site	0.6799999999999999
identifi	0.65
miss	0.62
script	0.56
file	0.55
secondari	0.53
assign	0.51
debug	0.51
superus	0.5
current	0.46
dump	0.42
latest	0.42
item	0.41
line	0.41
collect	0.39
document	0.39
summari	0.36
restor	0.34
replic	0.34
encrypt	0.33
inherit	0.33
null	0.32
pack	0.31
receipt	0.31
class	0.31
tree	0.29
load	0.28
packag	0.27
materi	0.27
ignor	0.27
ship	0.25
shipment	0.25
error	0.25
vendor	0.25
quelldatei	0.25
googl	0.25
login	0.25
extract	0.24
uniqu	0.23
tabl	0.22
true	0.22
comment	0.22
primari	0.22
creat	0.22
role	0.22
string	0.21
index	0.21
group	0.19
blank	0.19
els	0.19
link	0.18
