element	56.80999999999998
mous	45.37000000000001
lang	27.740000000000006
click	11.22
width	4.68
attribut	4.300000000000001
char	3.6700000000000004
event	3.6499999999999995
filter	3.4000000000000004
align	3.2499999999999996
bodi	3.17
height	2.98
span	2.93
size	2.52
cite	2.47
disabl	2.0700000000000003
http	2.01
packag	1.8199999999999998
registri	1.65
append	1.5299999999999998
head	1.47
color	1.42
col	1.27
modifi	1.27
valu	1.2699999999999998
output	1.2
begin	1.2
frame	1.17
clear	1.13
form	1.09
string	1.0699999999999998
object	1.0
entiti	1.0
printabl	1.0
target	0.9199999999999999
grow	0.91
titl	0.9000000000000001
border	0.9
abbr	0.8600000000000001
margin	0.8500000000000001
platform	0.85
face	0.8400000000000001
contain	0.81
version	0.8099999999999999
focu	0.8
multi	0.79
html	0.78
java	0.77
singl	0.77
row	0.74
shape	0.7
charact	0.7
word	0.7
blink	0.69
page	0.69
storag	0.64
media	0.64
center	0.5800000000000001
start	0.5800000000000001
acronym	0.57
default	0.57
equiv	0.56
hash	0.56
script	0.55
type	0.54
quot	0.53
home	0.52
axe	0.52
strike	0.51
work	0.5
scroll	0.5
legend	0.49
select	0.47000000000000003
applet	0.46
baselin	0.46
defin	0.46
licens	0.45
code	0.45
prolog	0.45
remov	0.44999999999999996
style	0.44
strong	0.44
transit	0.44
axi	0.42000000000000004
oracl	0.42
caption	0.41
strict	0.41
info	0.41
edda	0.4
font	0.39
unload	0.39
base	0.39
standalon	0.39
array	0.39
small	0.38
multipl	0.37
profil	0.37
area	0.37
middl	0.37
rehash	0.37
comment	0.36
null	0.36
librari	0.34
common	0.34
content	0.34
button	0.34
sourc	0.33
cell	0.33
launcher	0.32
address	0.32
declar	0.32
meta	0.31
clone	0.3
key	0.3
scheme	0.29
languag	0.27
deriv	0.26
label	0.26
left	0.26
link	0.25
right	0.25
site	0.24
check	0.24
background	0.24
process	0.24
consol	0.23
wrap	0.23
state	0.23
archiv	0.22
input	0.22
illeg	0.22
split	0.22
opt	0.21
python	0.21
warn	0.21
option	0.21
accept	0.21
instruct	0.21
tanneri	0.21
monro	0.21
notic	0.2
mail	0.19
shade	0.19
poli	0.19
tutori	0.19
convert	0.19
pretti	0.19
blur	0.18
