react	43.99999999999999
widget	29.739999999999995
action	21.88
caption	20.36
true	18.599999999999998
fals	17.97
input	16.35
prop	15.85
panel	15.059999999999999
field	13.280000000000001
tabl	13.22
window	12.190000000000003
filter	11.080000000000002
icon	9.9
wrapper	9.25
constant	9.079999999999998
render	8.96
view	8.89
modal	8.690000000000001
valu	8.44
item	7.57
quick	7.51
meta	7.350000000000001
fixtur	7.04
menu	6.779999999999999
reduc	6.730000000000001
handler	6.64
inlin	6.38
comment	6.279999999999999
shortcut	5.790000000000001
list	5.659999999999999
plugin	5.630000000000001
text	5.449999999999999
helper	5.42
lookup	5.24
compon	5.04
type	4.720000000000001
board	4.3999999999999995
header	4.36
handl	4.359999999999999
valid	4.26
contain	4.109999999999999
document	4.01
updat	3.97
test	3.9699999999999998
cell	3.8499999999999996
hotkey	3.7500000000000004
login	3.75
page	3.73
notif	3.71
label	3.59
indic	3.4899999999999998
chart	3.35
fetch	3.29
attribut	3.29
primari	3.24
password	3.1999999999999997
devic	3.17
overlay	3.15
rout	3.08
refer	3.05
origin	3.0300000000000002
request	3.03
inbox	3.03
scanner	2.9799999999999995
enzym	2.96
arrow	2.9400000000000004
null	2.9200000000000004
router	2.8800000000000003
control	2.8400000000000003
loader	2.82
checkbox	2.8
data	2.7800000000000002
setup	2.75
breadcrumb	2.66
pagin	2.66
card	2.5700000000000003
context	2.4899999999999998
outlin	2.46
placehold	2.4400000000000004
avatar	2.41
patch	2.37
includ	2.33
error	2.2899999999999996
paramet	2.25
lane	2.19
rang	2.1799999999999997
histori	2.13
undefin	2.12
master	2.1
immer	2.09
attach	2.08
mock	2.05
editor	2.04
disabl	2.0300000000000002
tutori	2.02
allow	2.01
index	1.99
default	1.98
open	1.96
secondari	1.96
hook	1.95
stomp	1.9
size	1.88
date	1.8699999999999999
element	1.8699999999999999
path	1.8599999999999999
group	1.8499999999999999
dashboard	1.75
mandatori	1.7399999999999998
letter	1.7200000000000002
file	1.7199999999999998
sort	1.7100000000000002
process	1.7000000000000002
toggl	1.7000000000000002
number	1.62
axi	1.5499999999999998
access	1.54
indent	1.53
statu	1.53
select	1.5
licens	1.49
transform	1.49
babel	1.47
rotat	1.45
email	1.45
immut	1.43
form	1.4100000000000001
confirm	1.41
switch	1.4
focus	1.3900000000000001
state	1.3900000000000001
node	1.39
film	1.38
calendar	1.36
jest	1.35
marker	1.35
mobil	1.35
blank	1.3399999999999999
merg	1.32
favorit	1.29
barcod	1.29
success	1.28
moment	1.26
height	1.2499999999999998
delet	1.24
server	1.23
distanc	1.23
screen	1.2000000000000002
client	1.2
separ	1.19
row	1.19
time	1.17
tab	1.17
sitemap	1.17
complet	1.1600000000000001
escap	1.15
legend	1.15
prompt	1.1400000000000001
quantiti	1.14
initi	1.1300000000000001
spinner	1.13
payload	1.1199999999999999
home	1.1099999999999999
store	1.1099999999999999
current	1.0999999999999999
width	1.07
pend	1.0699999999999998
custom	1.06
tether	1.06
pointer	1.05
unsubscrib	1.05
ascend	1.04
blur	1.03
mail	1.01
browser	1.0
queri	0.99
translat	0.99
correctli	0.99
synchron	0.99
activ	0.98
reserv	0.98
font	0.97
constructor	0.97
section	0.93
warn	0.9299999999999999
target	0.9299999999999999
grid	0.9199999999999999
librari	0.8900000000000001
button	0.8799999999999999
collaps	0.8799999999999999
print	0.87
float	0.87
subscrib	0.87
bootstrap	0.86
counterpart	0.8500000000000001
children	0.85
search	0.8400000000000001
enter	0.8400000000000001
flex	0.8400000000000001
fluid	0.8400000000000001
alway	0.8300000000000001
exampl	0.8300000000000001
mute	0.8300000000000001
intro	0.83
limit	0.8200000000000001
evalu	0.81
dimens	0.81
protocol	0.8
gener	0.8
leer	0.78
code	0.77
product	0.76
bookmark	0.76
user	0.75
replac	0.75
compress	0.75
clear	0.74
token	0.74
registri	0.74
vendor	0.73
event	0.73
order	0.72
save	0.72
function	0.71
option	0.71
pick	0.7
behavior	0.7
array	0.7
port	0.6799999999999999
templat	0.6799999999999999
http	0.67
numer	0.67
border	0.67
string	0.67
tick	0.6699999999999999
batch	0.66
freez	0.66
rel	0.66
equal	0.6599999999999999
drucken	0.65
pigeon	0.65
host	0.64
local	0.64
emit	0.64
imag	0.63
expand	0.63
provid	0.63
month	0.63
sibl	0.6200000000000001
stub	0.62
reset	0.62
mode	0.6000000000000001
multi	0.6000000000000001
forgot	0.6
anyth	0.59
languag	0.5800000000000001
style	0.58
exist	0.58
respons	0.5700000000000001
flag	0.5700000000000001
slice	0.5700000000000001
mous	0.5700000000000001
entri	0.57
program	0.56
charact	0.56
pull	0.55
log	0.55
bodi	0.54
antarkti	0.54
prototyp	0.53
layout	0.53
chrome	0.53
sidebar	0.52
link	0.52
parent	0.51
info	0.51
count	0.5
focu	0.5
opt	0.49
sixteen	0.49
unread	0.49
check	0.49
trash	0.49
spacer	0.49
lang	0.49
nest	0.49
discard	0.49
payment	0.48
left	0.48
puls	0.47000000000000003
deutsch	0.47
zoom	0.47
anchor	0.47
categori	0.46
flatten	0.46
center	0.45999999999999996
elem	0.45999999999999996
logo	0.45
connect	0.45
cancel	0.45
modul	0.44999999999999996
asmara	0.44
right	0.44
partial	0.44
english	0.43000000000000005
listen	0.43
reconnect	0.43
tablet	0.43
cost	0.43
picker	0.43
issu	0.42000000000000004
color	0.42000000000000004
format	0.42000000000000004
doc	0.42
forc	0.42
root	0.42
selector	0.42
gymnasium	0.42
blacklist	0.42
timer	0.42
close	0.41000000000000003
zone	0.41000000000000003
configur	0.41000000000000003
realli	0.41000000000000003
camera	0.41000000000000003
reader	0.41
properti	0.4
indonesia	0.4
slot	0.4
broker	0.4
thunk	0.4
hansen	0.39
abschluss	0.39
price	0.39
remov	0.39
work	0.39
base	0.38
sale	0.38
empti	0.38
class	0.38
amerikanisch	0.38
fork	0.37
shadow	0.37
given	0.37
propos	0.36
place	0.36
reproduc	0.36
danger	0.36
backdrop	0.36
flat	0.36
firma	0.36
machin	0.36
hash	0.35
transact	0.35
martin	0.35
support	0.35
popper	0.35
uniqu	0.35
extract	0.35
environ	0.34
profil	0.34
session	0.34
socket	0.34
day	0.34
edit	0.34
contribut	0.33
descript	0.33
readabl	0.33
interv	0.33
prioriti	0.33
properli	0.33
week	0.33
better	0.32
length	0.32
content	0.32
stepper	0.32
doubl	0.32
avail	0.32
result	0.32
main	0.32
distribut	0.31
lieferung	0.31
desir	0.31
simpl	0.31
ctrl	0.31
absolut	0.31
line	0.31
pane	0.31
export	0.31
sourc	0.31
scale	0.3
cabl	0.3
fast	0.3
return	0.3
pattern	0.29
seen	0.29
compar	0.29
clickabl	0.29
dist	0.28
slider	0.28
defin	0.28
correct	0.28
past	0.28
send	0.28
articl	0.27
repositori	0.27
softwar	0.27
cypress	0.27
asset	0.27
keyboard	0.27
insuffici	0.27
promis	0.27
titl	0.26
dutch	0.26
failur	0.26
integ	0.26
convert	0.26
photo	0.26
block	0.26
chevron	0.26
dot	0.26
duplic	0.26
blue	0.25
german	0.25
video	0.25
char	0.25
trigger	0.25
locat	0.24
lieferanten	0.24
launcher	0.24
tray	0.24
long	0.24
shift	0.24
serif	0.24
san	0.24
deep	0.24
flip	0.24
near	0.24
read	0.24
detect	0.24
publish	0.23
total	0.23
printer	0.23
berlin	0.23
europ	0.23
inner	0.23
head	0.23
expect	0.23
addit	0.23
factori	0.23
preview	0.23
advanc	0.23
leav	0.23
famili	0.23
miss	0.23
divid	0.23
samoa	0.23
inclus	0.23
choic	0.22
script	0.22
featur	0.22
stroke	0.22
click	0.22
angel	0.22
forgotten	0.22
french	0.21
demand	0.21
deselect	0.21
googl	0.21
upload	0.21
infinit	0.21
load	0.21
sticki	0.21
manipul	0.21
higher	0.21
america	0.21
depth	0.21
free	0.2
adapt	0.2
auto	0.2
visibl	0.2
intern	0.2
endpoint	0.2
usernam	0.2
step	0.2
cleanup	0.2
messag	0.2
street	0.2
map	0.2
unfreez	0.2
scroll	0.2
space	0.2
column	0.2
logout	0.2
star	0.2
tri	0.2
address	0.2
storybook	0.19
organis	0.19
reason	0.19
invoic	0.19
trade	0.19
pack	0.19
capabl	0.19
display	0.19
timestamp	0.19
static	0.19
ignor	0.19
justifi	0.19
lost	0.19
backspac	0.19
grab	0.19
horizont	0.19
chang	0.19
mount	0.19
short	0.19
copi	0.19
servic	0.19
verbos	0.18
rest	0.18
durat	0.18
salat	0.18
area	0.18
inform	0.18
timezon	0.18
travers	0.18
