font	49.72999999999999
class	29.44
cell	18.470000000000002
report	6.82
index	6.74
frame	4.71
starter	3.5599999999999996
interfac	3.2899999999999996
summari	2.9400000000000004
html	2.92
jasper	2.8699999999999997
packag	2.5300000000000002
titl	2.21
viewer	1.8
java	1.78
barbecu	1.58
code	1.56
provid	1.48
tabl	1.15
version	1.12
bean	1.0999999999999999
file	0.83
swing	0.75
listen	0.5900000000000001
digest	0.55
abalon	0.54
inherit	0.43
main	0.42
head	0.41000000000000003
color	0.37
mail	0.37
send	0.36
render	0.28
perform	0.27
reloc	0.26
target	0.26
connect	0.26
bodi	0.25
excel	0.24
circl	0.23
export	0.23
center	0.22
path	0.22
home	0.21
open	0.21
page	0.2
http	0.2
resourc	0.2
action	0.19
view	0.19
oracl	0.19
overview	0.18
