tool	7.1899999999999995
address	6.5
test	4.49
file	4.36
http	4.27
countri	4.23
contact	3.61
layout	3.39
prompt	2.75
line	2.7199999999999998
engin	2.46
date	2.39
monik	2.22
data	2.15
servic	2.02
day	1.83
info	1.83
error	1.75
cipher	1.69
translat	1.67
verifi	1.63
type	1.56
comment	1.54
fault	1.51
code	1.46
creat	1.3599999999999999
messag	1.28
titl	1.25
hello	1.24
merg	1.24
meta	1.23
mani	1.2000000000000002
string	1.19
writer	1.18
intens	1.15
exampl	1.14
world	1.09
truncat	1.09
object	1.0899999999999999
search	1.07
invoic	1.0499999999999998
email	0.99
group	0.97
valu	0.97
overflow	0.97
threshold	0.9500000000000001
flush	0.95
persist	0.95
convert	0.94
consum	0.94
durat	0.9
level	0.9
context	0.88
dynam	0.87
field	0.8600000000000001
reject	0.8500000000000001
warn	0.85
expir	0.85
label	0.8200000000000001
altern	0.82
result	0.8
verif	0.79
month	0.78
format	0.74
refresh	0.73
street	0.73
section	0.73
pad	0.72
model	0.72
left	0.72
partial	0.72
span	0.71
occur	0.7
ancillari	0.7
download	0.69
throw	0.69
archiv	0.69
googl	0.68
strong	0.68
pour	0.65
timeout	0.65
builder	0.63
packag	0.62
plu	0.5900000000000001
refin	0.59
java	0.58
session	0.58
action	0.58
folder	0.56
queri	0.56
content	0.56
reader	0.55
encrypt	0.55
birth	0.54
postcod	0.53
member	0.52
uniqu	0.52
modul	0.51
featur	0.51
decim	0.51
licens	0.51
bodi	0.5
auto	0.49
close	0.49
champ	0.48
match	0.48
uncheck	0.47000000000000003
exact	0.47
flatten	0.47
prefix	0.45
period	0.44
local	0.44
open	0.43000000000000005
citi	0.43
area	0.43
invok	0.43
upper	0.41
bind	0.41
mapper	0.41
suggest	0.41
extens	0.41
pars	0.4
debit	0.39
languag	0.39
valid	0.39
trait	0.39
premis	0.39
safe	0.39
extern	0.38
copi	0.36
configur	0.36
channel	0.35
accent	0.35
expect	0.35
optim	0.35
credit	0.34
current	0.33
self	0.32
past	0.32
destin	0.31
build	0.31
pierr	0.3
separ	0.3
output	0.3
stream	0.3
connect	0.3
maker	0.3
templat	0.3
uri	0.29
right	0.29
length	0.29
filenam	0.28
host	0.28
interact	0.28
link	0.27
hash	0.27
strict	0.27
microsecond	0.26
bean	0.26
inform	0.26
input	0.26
remov	0.25
superior	0.25
malform	0.25
empti	0.25
unread	0.25
phone	0.24
equal	0.24
percent	0.24
class	0.24
score	0.24
copyright	0.24
click	0.24
qualiti	0.23
path	0.23
minu	0.23
null	0.23
view	0.23
make	0.23
basic	0.22
save	0.22
multipl	0.22
exist	0.21
lower	0.21
today	0.21
contain	0.21
entiti	0.21
capit	0.21
distinct	0.21
phantom	0.21
potenti	0.21
thread	0.2
privat	0.2
second	0.2
disallow	0.2
client	0.2
time	0.2
incomplet	0.2
server	0.2
imag	0.19
ascii	0.19
cross	0.19
neg	0.19
evalu	0.19
check	0.18
relationship	0.18
gener	0.18
