processor	6.1000000000000005
server	4.380000000000001
acct	2.04
alert	1.8800000000000001
connect	1.63
monitor	1.31
statu	1.1300000000000001
topic	1.07
post	1.0499999999999998
bean	1.03
workflow	0.97
port	0.94
java	0.9299999999999999
disallow	0.89
info	0.88
session	0.84
project	0.83
destroy	0.77
process	0.74
version	0.74
paramet	0.73
messag	0.73
sleep	0.71
request	0.7
applet	0.66
replic	0.66
uncaught	0.65
content	0.63
stop	0.59
poster	0.58
unsupport	0.58
error	0.57
work	0.56
bodi	0.56
schedul	0.56
date	0.54
subscript	0.53
head	0.52
packag	0.5
file	0.5
filter	0.49
handler	0.49
cach	0.48
log	0.48
aliv	0.48
interrupt	0.47
user	0.46
wait	0.45
authent	0.44999999999999996
period	0.44
run	0.44
script	0.42
schema	0.42
result	0.41000000000000003
equiv	0.41000000000000003
trace	0.4
http	0.38
count	0.38
font	0.37
author	0.37
node	0.37
host	0.36
initi	0.35
ldap	0.35
client	0.34
miss	0.34
lawn	0.33
violat	0.33
meta	0.32
return	0.31
transit	0.31
given	0.3
browser	0.29
environ	0.29
phase	0.29
parent	0.29
instal	0.28
robot	0.28
bind	0.28
exceed	0.28
unrecover	0.27
success	0.27
group	0.27
import	0.26
garden	0.26
inappropri	0.26
start	0.26
automat	0.25
agent	0.25
consol	0.25
socket	0.25
care	0.25
counter	0.25
model	0.25
complet	0.24
driver	0.24
attach	0.24
dump	0.24
reset	0.24
databas	0.24
protocol	0.23
world	0.23
handl	0.23
select	0.23
escal	0.23
test	0.22
text	0.22
alter	0.22
realm	0.22
defin	0.22
prioriti	0.22
creat	0.22
string	0.21
control	0.21
titl	0.21
width	0.21
support	0.21
folder	0.21
attribut	0.21
listen	0.2
unavail	0.2
report	0.2
type	0.2
encount	0.19
forward	0.19
simpl	0.19
unbind	0.19
languag	0.19
check	0.18
receiv	0.18
warehous	0.18
role	0.18
