post	6.210000000000001
destroy	4.63
tabl	4.0600000000000005
window	3.8299999999999996
request	3.67
menu	3.46
basket	3.3600000000000003
price	3.33
forward	3.1800000000000006
implement	2.96
order	2.62
login	2.51
test	2.2
list	2.15
attach	2.13
product	2.0900000000000003
start	1.9500000000000002
valu	1.82
updat	1.74
region	1.73
icon	1.6
field	1.56
check	1.53
countri	1.53
locat	1.4900000000000002
bodi	1.47
workflow	1.45
statu	1.43
popup	1.37
head	1.3599999999999999
stream	1.3599999999999999
script	1.3199999999999998
client	1.3
user	1.26
process	1.2200000000000002
calendar	1.21
submit	1.18
cooki	1.17
advertis	1.16
info	1.15
imag	1.1400000000000001
undefin	1.1199999999999999
close	1.1199999999999999
text	1.1099999999999999
content	1.07
activ	1.07
invoic	1.0699999999999998
context	1.04
titl	0.99
month	0.98
filter	0.97
record	0.96
session	0.95
registr	0.95
counter	0.94
asset	0.94
messag	0.93
expens	0.93
note	0.9199999999999999
payment	0.9
array	0.87
select	0.8699999999999999
return	0.8400000000000001
format	0.81
categori	0.8
tree	0.79
chat	0.79
report	0.79
issu	0.77
display	0.75
total	0.74
click	0.74
frame	0.73
area	0.73
server	0.73
equiv	0.72
quantiti	0.72
java	0.71
agent	0.71
verifi	0.6900000000000001
address	0.69
type	0.6799999999999999
null	0.65
packag	0.64
reset	0.62
line	0.61
disallow	0.6
repli	0.5900000000000001
http	0.5900000000000001
mode	0.59
expand	0.5800000000000001
logo	0.5800000000000001
version	0.5800000000000001
option	0.58
fals	0.5700000000000001
robot	0.57
item	0.56
year	0.55
paramet	0.53
form	0.52
queri	0.52
time	0.51
reject	0.49
paint	0.48
height	0.48
column	0.48
singl	0.48
folder	0.46
pref	0.46
store	0.46
node	0.45
current	0.45
tick	0.44
ticker	0.44
function	0.44
label	0.44
charact	0.44
work	0.44
unknown	0.44
link	0.43
prefer	0.43
bullet	0.42
phase	0.41
subscrib	0.41
notic	0.4
grand	0.4
today	0.38
col	0.38
role	0.38
length	0.38
meta	0.37
lang	0.37
lookup	0.37
help	0.37
factori	0.36
hidden	0.36
deselect	0.36
replac	0.36
caller	0.35
hold	0.34
search	0.34
credit	0.34
setup	0.33
statist	0.33
error	0.33
open	0.32
card	0.32
flat	0.31
print	0.31
output	0.31
email	0.31
drag	0.3
campaign	0.3
partner	0.3
class	0.29
date	0.29
launch	0.29
currenc	0.29
postal	0.29
task	0.28
project	0.28
logout	0.28
combo	0.27
standard	0.27
arrow	0.27
citi	0.27
result	0.26
index	0.26
flow	0.26
target	0.26
weekend	0.25
button	0.25
respons	0.25
delet	0.24
strict	0.24
complet	0.24
ajax	0.23
procedur	0.23
warehous	0.23
freight	0.23
page	0.22
languag	0.22
app	0.22
cancel	0.22
approv	0.22
log	0.22
cach	0.22
symbol	0.22
evalu	0.21
claus	0.21
blue	0.21
receiv	0.21
descript	0.21
sort	0.2
collaps	0.2
right	0.2
attribut	0.2
focu	0.2
confirm	0.2
action	0.2
commiss	0.2
ignor	0.2
redirect	0.2
input	0.19
left	0.19
block	0.19
load	0.19
dispos	0.19
directori	0.19
progress	0.19
outer	0.18
string	0.18
oper	0.18
spacer	0.18
