migrat	4.69
databas	2.0
forum	1.95
seed	1.44
oracl	1.3599999999999999
folder	1.3599999999999999
constraint	1.2200000000000002
column	1.2
statement	1.16
trunk	1.1099999999999999
alter	1.1
tabl	0.97
element	0.94
valu	0.9199999999999999
null	0.7
view	0.7
languag	0.66
script	0.6599999999999999
backup	0.64
string	0.62
drop	0.61
list	0.6
http	0.55
pleas	0.55
default	0.51
ad	0.45
forc	0.38
replac	0.35
char	0.33
invoic	0.33
definit	0.31
number	0.29
creat	0.29
password	0.29
updat	0.28
review	0.25
equal	0.25
data	0.25
placehold	0.24
insert	0.24
file	0.23
bugfix	0.23
tool	0.22
check	0.22
text	0.22
directori	0.22
toad	0.21
modifi	0.21
littl	0.2
condit	0.2
select	0.19
appli	0.18
