process	111.15999999999998
line	106.46999999999998
product	103.76000000000003
updat	101.34999999999995
acct	94.99999999999999
type	82.71000000000001
creat	71.49000000000002
user	67.45000000000002
invoic	59.05
column	58.49000000000001
tabl	57.32
valu	56.16000000000001
node	53.56
processor	52.029999999999994
cost	51.4
date	51.220000000000006
element	48.44999999999999
project	46.84
order	46.52
access	44.239999999999995
tree	41.64999999999999
attribut	40.73
categori	40.3
format	38.529999999999994
info	37.75
role	37.63
select	37.599999999999994
price	37.37
asset	37.260000000000005
bank	35.85000000000001
payment	35.79
licens	34.279999999999994
print	32.92
color	30.849999999999994
client	30.68
report	30.569999999999997
test	30.479999999999997
locat	29.650000000000002
period	29.630000000000003
help	29.31
valid	29.21
window	29.18
movement	28.96
list	28.620000000000005
group	28.32
statement	27.77
descript	27.57
level	26.68
save	26.44
paramet	25.9
abstract	25.830000000000002
schema	25.709999999999997
definit	25.62
packag	25.159999999999997
workflow	24.849999999999998
prepar	23.369999999999994
connect	23.24
batch	23.009999999999998
field	22.93
instanc	22.369999999999997
distribut	22.349999999999998
registr	21.96
rule	21.959999999999997
null	21.840000000000003
para	21.8
replic	21.610000000000003
account	21.600000000000005
dun	21.58
font	21.530000000000005
statu	20.82
server	20.400000000000002
servic	20.25
brows	20.11
activ	20.049999999999997
export	19.84
currenc	19.799999999999997
file	19.66
forecast	19.560000000000002
document	19.24
error	19.03
inventori	18.919999999999998
model	18.810000000000002
time	18.13
commiss	18.13
menu	18.01
migrat	17.82
request	17.549999999999997
depreci	17.360000000000003
queue	17.28
discount	16.82
string	16.680000000000007
gener	16.45
warehous	16.2
cash	16.060000000000002
custom	15.96
freight	15.860000000000001
handler	15.830000000000004
messag	15.610000000000001
refer	15.559999999999999
alloc	15.339999999999998
parent	15.319999999999999
entiti	15.28
measur	15.28
count	15.060000000000002
charg	15.040000000000001
revers	14.999999999999998
import	14.930000000000003
schedul	14.46
claus	14.44
chang	14.270000000000003
transact	14.16
topic	14.120000000000001
assign	14.090000000000002
employe	13.560000000000002
region	13.529999999999998
copi	13.419999999999998
record	13.35
concept	13.200000000000003
promot	13.150000000000002
remot	13.040000000000001
view	13.04
delet	13.02
issu	13.009999999999996
resourc	12.96
fact	12.780000000000001
calendar	12.72
convert	12.65
app	12.620000000000001
alert	12.51
task	12.469999999999999
default	12.360000000000005
data	12.329999999999998
convers	12.27
confirm	11.880000000000003
rate	11.870000000000001
templat	11.759999999999998
entri	11.720000000000002
action	11.69
contain	11.650000000000002
class	11.649999999999999
load	11.369999999999997
match	11.349999999999998
sale	11.260000000000002
requisit	11.12
mandatori	11.0
word	10.98
notic	10.91
support	10.84
unknown	10.780000000000001
day	10.77
approv	10.7
fund	10.689999999999998
area	10.64
function	10.579999999999998
media	10.51
session	10.38
version	10.33
chat	10.23
result	10.19
background	10.01
index	9.950000000000001
current	9.830000000000002
condit	9.78
base	9.71
sourc	9.670000000000002
mail	9.6
strategi	9.54
pack	9.52
form	9.49
leav	9.419999999999998
token	9.4
journal	9.389999999999999
year	9.27
read	9.190000000000001
text	9.129999999999999
accept	9.04
port	8.95
write	8.940000000000001
display	8.94
attach	8.82
plan	8.78
expens	8.77
goal	8.75
sequenc	8.65
frequenc	8.58
counter	8.56
listen	8.52
payrol	8.440000000000001
setup	8.37
exclud	8.3
replenish	8.26
primari	8.250000000000002
countri	8.210000000000003
return	8.150000000000002
queri	8.129999999999999
secondari	8.120000000000005
gradient	8.120000000000001
vehicl	8.12
salari	8.109999999999998
context	8.100000000000001
databas	7.9
applic	7.889999999999999
reject	7.880000000000003
workbench	7.83
paint	7.829999999999999
pane	7.790000000000001
firewal	7.72
number	7.5600000000000005
agreement	7.5
declar	7.4799999999999995
method	7.45
close	7.45
shift	7.37
standard	7.25
imag	7.24
campaign	7.140000000000002
subscrib	7.13
new	7.13
life	7.1000000000000005
understand	7.090000000000001
channel	7.09
land	7.0600000000000005
languag	6.96
check	6.919999999999999
profil	6.89
recipi	6.880000000000001
balanc	6.87
item	6.84
invalid	6.83
instal	6.83
pair	6.78
post	6.779999999999999
recognit	6.740000000000001
respons	6.7299999999999995
lookup	6.72
browser	6.709999999999999
book	6.629999999999999
work	6.61
bound	6.5600000000000005
open	6.55
zoom	6.52
script	6.5
requir	6.450000000000001
logic	6.449999999999999
event	6.4
loader	6.38
control	6.34
section	6.310000000000001
demand	6.3
credit	6.28
oper	6.28
ratio	6.2700000000000005
commit	6.25
properti	6.24
label	6.2
transport	6.16
header	6.140000000000001
size	6.120000000000001
includ	6.110000000000001
address	6.05
budget	5.959999999999999
theme	5.91
interfac	5.9
busi	5.8999999999999995
join	5.86
printer	5.859999999999999
unit	5.83
multi	5.8100000000000005
textur	5.800000000000002
archiv	5.800000000000001
classif	5.800000000000001
withhold	5.8
driver	5.789999999999999
provid	5.779999999999999
relat	5.69
offset	5.670000000000001
password	5.67
revenu	5.63
start	5.560000000000001
week	5.55
phase	5.469999999999999
directori	5.33
backup	5.300000000000001
supervisor	5.300000000000001
send	5.3
termin	5.290000000000001
build	5.29
postal	5.28
shipper	5.209999999999999
remuner	5.2
attend	5.14
binari	5.12
card	5.1
criteria	5.1
citi	5.08
cycl	5.08
chart	5.03
like	5.0
deliv	5.0
releas	5.0
note	4.970000000000001
pattern	4.95
accumul	4.93
benchmark	4.91
recur	4.8999999999999995
local	4.87
prioriti	4.8500000000000005
subscript	4.84
calcul	4.829999999999999
meta	4.82
combin	4.8
comment	4.779999999999999
precis	4.7299999999999995
complet	4.700000000000002
java	4.7
qualiti	4.6899999999999995
http	4.63
click	4.620000000000001
summari	4.619999999999999
total	4.57
favorit	4.54
exist	4.51
code	4.5
popup	4.48
audit	4.47
depart	4.47
html	4.45
dispos	4.45
histori	4.4399999999999995
deploy	4.43
host	4.4
proxi	4.4
cach	4.38
clean	4.37
search	4.3500000000000005
ship	4.32
durat	4.32
stage	4.3100000000000005
compar	4.3100000000000005
vendor	4.31
layout	4.31
editor	4.279999999999999
reconcili	4.27
enter	4.2299999999999995
combo	4.22
substitut	4.21
uncheck	4.1899999999999995
actual	4.18
split	4.159999999999999
extens	4.15
cell	4.1
buyer	4.07
volum	4.07
deliveri	4.06
engin	4.039999999999999
fail	4.03
pars	4.029999999999999
step	3.9799999999999995
desktop	3.96
reset	3.9499999999999997
grid	3.9499999999999997
term	3.93
download	3.92
contact	3.91
button	3.91
suffix	3.9000000000000004
target	3.89
page	3.89
quot	3.8800000000000003
varianc	3.8600000000000003
career	3.86
hierarchi	3.85
insur	3.8
store	3.79
public	3.76
restrict	3.7299999999999995
shipment	3.7200000000000006
confidenti	3.72
percentag	3.7100000000000004
multipli	3.7
timeout	3.69
seller	3.69
basket	3.66
folder	3.6300000000000003
collector	3.58
rout	3.58
month	3.5500000000000003
member	3.5300000000000002
dimens	3.53
factor	3.49
consolid	3.4899999999999998
expir	3.47
increment	3.46
hand	3.44
notif	3.44
prefer	3.42
race	3.4000000000000004
factori	3.37
train	3.3699999999999997
specif	3.3600000000000003
phone	3.35
encrypt	3.3400000000000003
degre	3.33
network	3.32
structur	3.3100000000000005
sync	3.29
dialog	3.29
break	3.29
cube	3.2899999999999996
compart	3.2800000000000002
slot	3.26
paper	3.25
abort	3.2300000000000004
skill	3.21
inner	3.2
offer	3.2
overwrit	3.2
storag	3.1899999999999995
educ	3.1700000000000004
past	3.1599999999999997
prefix	3.14
appli	3.1300000000000003
allow	3.13
equal	3.12
execut	3.12
reserv	3.1
graph	3.1
implement	3.09
path	3.08
main	3.08
garden	3.0700000000000003
row	3.07
rank	3.02
weight	3.0100000000000002
author	3.01
partner	2.98
avail	2.97
mnemon	2.96
coalesc	2.95
sort	2.95
thousand	2.9499999999999997
mode	2.94
insert	2.94
press	2.9399999999999995
modul	2.93
secur	2.93
translat	2.9000000000000004
block	2.9
amort	2.89
manag	2.87
keyword	2.87
oracl	2.8599999999999994
winner	2.8200000000000003
height	2.8099999999999996
paye	2.8
unidentifi	2.79
memo	2.7899999999999996
polici	2.7800000000000002
bequeath	2.77
hash	2.76
recent	2.76
correct	2.75
privat	2.74
relationship	2.7399999999999998
flow	2.73
separ	2.7100000000000004
discontinu	2.7100000000000004
void	2.7
lock	2.6999999999999997
depend	2.69
char	2.68
achiev	2.66
segment	2.6500000000000004
output	2.64
mous	2.6399999999999997
remov	2.63
incid	2.62
statist	2.62
footer	2.6
exempt	2.58
regist	2.56
drop	2.55
surrog	2.54
border	2.51
synonym	2.51
prepay	2.5
wrapper	2.49
dashboard	2.48
transfer	2.47
expect	2.46
mechan	2.44
unconfirm	2.44
true	2.43
world	2.4299999999999997
percent	2.4299999999999997
impress	2.4299999999999997
reward	2.42
adjust	2.42
pass	2.41
look	2.41
upper	2.4000000000000004
greet	2.4000000000000004
bodi	2.4
opportun	2.39
rang	2.3600000000000003
interview	2.33
constructor	2.32
margin	2.32
grade	2.31
divid	2.29
design	2.29
set	2.2800000000000002
share	2.28
central	2.28
doc	2.2600000000000002
length	2.2600000000000002
uninstal	2.26
option	2.26
merg	2.25
state	2.25
link	2.25
hous	2.2399999999999998
drill	2.21
temporari	2.2
shelf	2.2
industri	2.19
array	2.19
excel	2.1799999999999997
guarante	2.1799999999999997
broadcast	2.17
enabl	2.1500000000000004
fee	2.15
self	2.15
age	2.12
gain	2.11
feel	2.1
resolut	2.09
scenario	2.06
referr	2.0500000000000003
axi	2.04
content	2.04
trace	2.04
spent	2.04
unlock	2.03
social	2.02
domain	2.02
fix	2.01
loss	2.01
protocol	2.0
dump	2.0
maintain	2.0
decim	1.99
compat	1.97
purchas	1.96
accrual	1.95
creator	1.95
compon	1.94
poster	1.93
perpetu	1.93
spool	1.9100000000000001
virtual	1.91
identifi	1.9
rollback	1.8899999999999997
limit	1.8800000000000001
stop	1.87
common	1.87
effect	1.87
uniqu	1.8699999999999999
append	1.86
recommend	1.86
known	1.8599999999999999
paid	1.85
fulli	1.85
miss	1.84
smart	1.84
flush	1.84
swap	1.83
head	1.82
input	1.8199999999999998
invit	1.8199999999999998
throw	1.81
receipt	1.81
receiv	1.8099999999999998
capit	1.8
verifi	1.79
initi	1.79
indent	1.78
remitt	1.7799999999999998
modif	1.75
stroke	1.7499999999999998
landscap	1.74
diff	1.73
thread	1.72
scale	1.71
inst	1.71
origin	1.71
black	1.71
renew	1.6900000000000002
cleanup	1.69
deposit	1.69
cutoff	1.69
icon	1.6800000000000002
panel	1.6800000000000002
cent	1.67
matrix	1.67
promis	1.6600000000000001
tool	1.66
convent	1.66
averag	1.65
round	1.65
futur	1.65
overdu	1.6300000000000001
plu	1.62
differ	1.6199999999999999
synchron	1.61
realiz	1.6099999999999999
consol	1.6
direct	1.6
forc	1.5999999999999999
jasper	1.5999999999999999
perform	1.5899999999999999
minut	1.5699999999999998
stream	1.5499999999999998
case	1.53
byte	1.52
advertis	1.52
overtim	1.52
transit	1.51
obscur	1.5099999999999998
metal	1.5
titl	1.49
repli	1.49
bean	1.48
wrap	1.47
auto	1.47
key	1.47
contract	1.47
evalu	1.46
parser	1.4500000000000002
detect	1.44
embed	1.43
probabl	1.43
loop	1.42
lead	1.42
materi	1.4100000000000001
encod	1.41
tanneri	1.41
monro	1.41
minimum	1.41
make	1.3900000000000001
suspend	1.39
blue	1.38
retir	1.38
reason	1.38
foreground	1.37
revis	1.36
width	1.3599999999999999
experi	1.3599999999999999
premium	1.3499999999999999
ad	1.34
success	1.33
queu	1.33
birth	1.32
assay	1.32
maria	1.3199999999999998
lot	1.31
natur	1.31
wiki	1.29
liabil	1.28
remit	1.28
object	1.27
run	1.27
empti	1.26
filler	1.25
scrap	1.25
sender	1.24
loan	1.23
prior	1.23
alia	1.22
span	1.22
manual	1.22
intern	1.21
beta	1.21
command	1.21
meth	1.2000000000000002
buffer	1.2
singl	1.2
given	1.19
sardin	1.18
edit	1.18
express	1.18
critic	1.18
gross	1.1700000000000002
environ	1.17
callabl	1.17
manufactur	1.17
replac	1.17
sleep	1.17
weekli	1.17
strip	1.1600000000000001
quantiti	1.1600000000000001
suppli	1.15
strong	1.1400000000000001
grace	1.1400000000000001
moder	1.1400000000000001
strength	1.1400000000000001
inquiri	1.14
minu	1.1300000000000001
inter	1.1300000000000001
swing	1.13
unreal	1.12
digest	1.12
final	1.11
precondit	1.1099999999999999
tab	1.1
green	1.1
agent	1.0999999999999999
sheet	1.09
tender	1.09
exampl	1.09
lima	1.0899999999999999
undo	1.08
colleg	1.08
radio	1.07
phantom	1.07
arrow	1.06
keyboard	1.06
collaps	1.06
destin	1.05
parti	1.04
outer	1.04
plain	1.03
windsor	1.02
master	1.02
fiscal	1.01
awar	1.0
delta	1.0
persist	1.0
charact	0.99
hour	0.99
remark	0.99
insuffici	0.98
boolean	0.98
unsupport	0.98
featur	0.97
trim	0.97
commod	0.97
best	0.97
planner	0.97
finish	0.97
wrong	0.9600000000000001
amazon	0.9600000000000001
publish	0.96
remain	0.96
visibl	0.96
enforc	0.96
toler	0.96
pad	0.95
second	0.95
collect	0.95
distanc	0.95
tutori	0.95
organ	0.95
centavo	0.94
neg	0.9299999999999999
taxabl	0.9299999999999999
splash	0.92
retriev	0.9199999999999999
valuta	0.9199999999999999
suspens	0.9199999999999999
zero	0.9099999999999999
invok	0.9099999999999999
indefinit	0.9099999999999999
reader	0.9
assert	0.8999999999999999
grand	0.8999999999999999
ignor	0.8900000000000001
clear	0.8800000000000001
resum	0.88
configur	0.87
excerpt	0.87
disput	0.87
defin	0.8600000000000001
multipl	0.8600000000000001
draft	0.8600000000000001
numer	0.85
wait	0.85
subcontract	0.8499999999999999
root	0.84
spread	0.84
recurr	0.83
examin	0.8200000000000001
util	0.82
filter	0.82
stack	0.82
conn	0.81
free	0.81
emerald	0.81
barcod	0.81
mileston	0.81
sent	0.8
viewer	0.8
interrupt	0.8
wage	0.8
login	0.79
elaps	0.78
mark	0.77
princip	0.77
school	0.77
timestamp	0.76
stub	0.76
alpha	0.76
reimburs	0.76
ownership	0.76
postcod	0.76
lower	0.75
mini	0.75
aqua	0.75
rubi	0.74
watch	0.74
revalu	0.74
flat	0.74
simpl	0.73
million	0.73
hint	0.73
auction	0.73
immedi	0.73
ldap	0.73
iter	0.72
inset	0.71
charcoal	0.71
financ	0.71
upload	0.7
warn	0.7
nativ	0.7
cast	0.69
worker	0.69
concurr	0.69
digit	0.69
onlin	0.69
small	0.68
real	0.68
proforma	0.6799999999999999
mismatch	0.67
shadow	0.67
unprocess	0.67
univers	0.67
left	0.66
conflict	0.66
pool	0.66
recalcul	0.66
thursday	0.66
wednesday	0.66
tuesday	0.66
friday	0.66
monday	0.66
saturday	0.66
sunday	0.66
groovi	0.65
weak	0.65
fish	0.65
preview	0.65
indic	0.65
yield	0.65
inconsist	0.64
trial	0.64
usag	0.64
quadrillion	0.6399999999999999
agenc	0.6399999999999999
right	0.63
develop	0.63
fals	0.63
manifest	0.63
travers	0.63
unix	0.63
donn	0.63
proof	0.63
street	0.63
unabl	0.62
scroll	0.62
prep	0.62
orient	0.6100000000000001
euro	0.6100000000000001
devic	0.61
extern	0.61
special	0.61
unzip	0.61
builder	0.61
redo	0.6000000000000001
invest	0.6000000000000001
coordin	0.6000000000000001
lesen	0.6
mainten	0.6
encumbr	0.6
physic	0.6
posit	0.5900000000000001
ident	0.59
summar	0.5800000000000001
map	0.5800000000000001
passiv	0.5800000000000001
estim	0.5800000000000001
nome	0.5800000000000001
style	0.58
glass	0.58
sequenti	0.5700000000000001
histor	0.5700000000000001
isdn	0.5700000000000001
chooser	0.57
dist	0.56
light	0.56
logo	0.56
symbol	0.56
caret	0.55
lingual	0.55
daili	0.55
referenc	0.54
overrid	0.54
swift	0.54
sign	0.53
toggl	0.53
rerun	0.53
widget	0.52
bind	0.52
writer	0.52
overflow	0.52
quarter	0.52
hyphen	0.52
nation	0.52
assum	0.51
explod	0.51
unus	0.51
alter	0.51
acceler	0.51
plant	0.51
certif	0.51
terminolog	0.51
scrip	0.51
alreadi	0.51
logger	0.5
program	0.5
dear	0.5
puerto	0.5
datenbank	0.5
monthli	0.5
decod	0.49
struktur	0.49
draw	0.49
settlement	0.49
email	0.49
recurs	0.49
vapor	0.49
pleas	0.49
withdraw	0.48
tail	0.47000000000000003
inexist	0.47
english	0.47
ordin	0.47
couleur	0.47
subtract	0.47
argument	0.47
scholarship	0.47
dictum	0.46
disconnect	0.45999999999999996
horizon	0.45999999999999996
revok	0.45
caller	0.45
complianc	0.45
flag	0.45
counti	0.45
dict	0.44999999999999996
roll	0.44999999999999996
outbound	0.44999999999999996
chapter	0.44
diam	0.44
callback	0.44
integ	0.44
els	0.44
catalog	0.44
uncondit	0.44
guid	0.43000000000000005
depth	0.43000000000000005
lost	0.43
bucket	0.43
vita	0.43
reconcil	0.43
usernam	0.43
focu	0.43
accuraci	0.43
point	0.42000000000000004
trillion	0.42000000000000004
prorat	0.42000000000000004
adjac	0.42000000000000004
spin	0.42
rel	0.42
iban	0.42
provis	0.41000000000000003
cumul	0.41000000000000003
log	0.41000000000000003
subject	0.41000000000000003
reloc	0.41000000000000003
insid	0.41
core	0.41
authent	0.41
frame	0.41
verbindung	0.41
repeat	0.4
extract	0.4
trill	0.4
dinar	0.4
opaqu	0.4
constant	0.4
variabl	0.4
verif	0.4
high	0.4
duplic	0.4
memori	0.4
happi	0.39
forst	0.39
serif	0.39
chargeabl	0.39
salt	0.39
maximum	0.39
outsid	0.38
socket	0.38
quinc	0.38
otto	0.38
reduc	0.38
scanner	0.38
doubl	0.38
opposit	0.38
abnorm	0.38
valuat	0.38
lane	0.37
registri	0.37
hintergrund	0.37
cashbook	0.37
fenc	0.37
dolor	0.36
koma	0.36
violat	0.35
failur	0.35
felt	0.35
tupl	0.35
advanc	0.35
merchant	0.35
audio	0.34
schrift	0.34
gray	0.34
testabl	0.33
ant	0.33
conform	0.33
forward	0.33
passiva	0.33
mani	0.33
live	0.32
blind	0.32
veld	0.32
long	0.32
creation	0.31
delimit	0.31
technic	0.31
obviou	0.31
googl	0.31
scheme	0.31
negoti	0.3
heap	0.3
push	0.3
addit	0.3
simul	0.3
human	0.3
bearer	0.29
unwrap	0.29
deprec	0.29
unpack	0.29
skip	0.29
versteh	0.29
lizenz	0.29
akzeptieren	0.29
akzeptier	0.29
rotat	0.29
flavor	0.29
foreign	0.29
graphic	0.29
noth	0.29
succeed	0.28
static	0.28
abgelehnt	0.28
ascii	0.28
farb	0.28
tone	0.28
rectangl	0.28
poll	0.28
dual	0.27
constraint	0.27
challeng	0.27
abgelaufen	0.27
col	0.27
ital	0.27
previou	0.27
inflat	0.27
dell	0.27
expung	0.26
nein	0.26
ringgit	0.26
lini	0.26
track	0.26
distinct	0.26
trad	0.26
jar	0.25
assumpt	0.25
milliard	0.25
align	0.25
softwar	0.25
rememb	0.25
answer	0.25
aggreg	0.25
modifi	0.25
oldest	0.25
jail	0.24
reload	0.24
tenant	0.24
compli	0.24
seiz	0.24
campo	0.24
camp	0.24
dark	0.24
macro	0.24
unearn	0.24
financi	0.23
leaf	0.23
focus	0.23
extend	0.23
bold	0.23
inbox	0.23
sensit	0.22
resiz	0.22
portrait	0.22
deviat	0.22
cert	0.22
letter	0.22
beneficiari	0.22
legend	0.22
drawer	0.22
aktiven	0.22
recoveri	0.22
recruit	0.22
tear	0.21
procedur	0.21
child	0.21
durabl	0.21
caus	0.21
edg	0.21
refresh	0.21
lang	0.21
copyright	0.21
platform	0.21
realli	0.21
thank	0.21
yamagata	0.21
okinawa	0.21
okayama	0.21
nagasaki	0.21
kyoto	0.21
kagoshima	0.21
hokkaido	0.21
hiroshima	0.21
fukushima	0.21
fukuoka	0.21
chiba	0.21
akita	0.21
leas	0.21
incl	0.21
maya	0.21
regex	0.21
restor	0.21
formula	0.21
immut	0.21
clip	0.2
pixel	0.2
exec	0.2
mask	0.2
finest	0.2
finer	0.2
printabl	0.2
startup	0.2
begin	0.2
corpor	0.2
market	0.2
instruct	0.2
cascad	0.2
saga	0.2
osaka	0.2
optim	0.2
transient	0.2
feedback	0.2
scan	0.2
random	0.19
unchang	0.19
french	0.19
anticip	0.19
use	0.19
hello	0.19
notifi	0.19
hard	0.19
evolut	0.19
plastic	0.19
fetch	0.19
cipher	0.19
seventi	0.19
seventeen	0.19
nineti	0.19
nineteen	0.19
fourteen	0.19
forti	0.19
eighteen	0.19
billion	0.19
twenti	0.19
thirteen	0.19
sixti	0.19
thirti	0.19
sixteen	0.19
remind	0.19
threshold	0.19
clone	0.19
logout	0.19
robot	0.19
dado	0.19
aktiv	0.19
deriv	0.19
super	0.18
voic	0.18
stale	0.18
basi	0.18
dbm	0.18
teach	0.18
twelv	0.18
fifti	0.18
backward	0.18
space	0.18
scope	0.18
mobil	0.18
review	0.18
choic	0.18
transform	0.18
father	0.18
entranc	0.18
