asset	26.459999999999997
depreci	10.89
period	4.050000000000001
process	3.35
life	3.3099999999999996
split	2.9299999999999997
addit	2.6
product	2.44
build	2.4
fact	2.2699999999999996
acct	2.13
dispos	1.9900000000000002
fix	1.97
group	1.9699999999999998
approv	1.6400000000000001
chang	1.48
type	1.47
updat	1.46
transfer	1.43
save	1.3399999999999999
prepar	1.32
document	1.2999999999999998
revers	1.26
client	1.25
match	1.25
creat	1.22
invoic	1.2
valu	1.19
balanc	1.1300000000000001
deliveri	1.07
model	1.0
project	0.98
error	0.97
implement	0.9
remain	0.88
entri	0.87
support	0.86
convers	0.85
convent	0.82
activ	0.81
download	0.8099999999999999
statu	0.79
info	0.76
leav	0.74
line	0.74
year	0.71
invalid	0.71
current	0.7
rate	0.7
transit	0.68
mix	0.68
paramet	0.68
mail	0.67
load	0.6699999999999999
check	0.65
adjust	0.63
stock	0.63
currenc	0.61
array	0.6
invok	0.5900000000000001
categori	0.58
month	0.5700000000000001
date	0.57
guarante	0.56
alreadi	0.54
abstract	0.53
account	0.52
import	0.5
messag	0.49
unlock	0.46
local	0.46
reject	0.45999999999999996
accumul	0.45999999999999996
upper	0.44
select	0.44
appli	0.42000000000000004
default	0.41000000000000003
url	0.41
encount	0.41
simpl	0.4
cost	0.36
offset	0.36
oper	0.34
read	0.34
deliv	0.34
expens	0.33
column	0.32
string	0.31
file	0.29
enter	0.29
modifi	0.29
registr	0.28
follow	0.27
test	0.25
movement	0.25
normal	0.25
manual	0.25
delet	0.24
tabl	0.24
null	0.24
post	0.24
provid	0.23
confirm	0.23
return	0.22
fiscal	0.22
variabl	0.22
contain	0.22
precis	0.21
cach	0.21
cumul	0.21
action	0.21
send	0.21
copi	0.2
moment	0.2
order	0.2
unknown	0.2
attach	0.2
unprocess	0.19
schema	0.19
skip	0.19
scale	0.19
accrual	0.19
user	0.19
