builder	9.18
meta	5.52
studio	5.4799999999999995
field	5.140000000000001
self	4.67
model	4.28
action	4.26
remov	3.58
node	2.69
select	2.45
menu	2.1700000000000004
save	2.17
servic	2.17
target	2.07
view	1.9900000000000002
control	1.9299999999999997
mani	1.65
import	1.63
track	1.5899999999999999
modul	1.17
static	1.15
event	1.13
tabl	1.1
dashboard	1.08
test	0.97
script	0.97
append	0.8400000000000001
transit	0.81
process	0.79
chart	0.78
filter	0.76
main	0.74
form	0.69
span	0.63
configur	0.62
icon	0.6000000000000001
null	0.6000000000000001
extract	0.59
code	0.55
domain	0.54
groovi	0.53
type	0.51
condit	0.51
repositori	0.51
path	0.48
workflow	0.48
custom	0.47
asset	0.46
button	0.45
true	0.44
definit	0.43
text	0.43
email	0.43
clean	0.42
copi	0.41000000000000003
flow	0.41
messag	0.41
http	0.4
design	0.37
return	0.37
manifest	0.35
resourc	0.35
lower	0.35
unit	0.34
decim	0.34
method	0.34
integ	0.33
function	0.33
file	0.32
spec	0.32
valu	0.32
date	0.32
like	0.32
diagram	0.31
line	0.31
record	0.31
build	0.31
style	0.3
tool	0.3
connect	0.29
sequenc	0.29
alter	0.29
directori	0.28
valid	0.28
dummi	0.28
group	0.28
real	0.28
awesom	0.27
data	0.27
travers	0.27
join	0.27
element	0.26
cast	0.26
empti	0.26
mapper	0.26
space	0.26
embed	0.25
export	0.25
edit	0.24
statu	0.24
moment	0.24
context	0.24
outgo	0.23
check	0.23
uniqu	0.23
time	0.22
pleas	0.22
fals	0.21
permiss	0.21
alreadi	0.21
contain	0.21
provid	0.21
strict	0.2
mobil	0.2
gener	0.2
prioriti	0.2
updat	0.2
grid	0.2
send	0.2
search	0.2
task	0.19
super	0.19
exist	0.19
link	0.18
shape	0.18
regist	0.18
popup	0.18
incom	0.18
left	0.18
use	0.18
