process	159.05999999999997
product	147.66000000000003
line	129.17
type	118.78
element	115.10999999999997
updat	114.77999999999994
acct	108.41999999999999
valu	104.7
tabl	92.5
user	90.20000000000002
creat	86.48000000000002
column	86.23
order	80.66000000000001
invoic	80.53000000000002
font	77.82
date	75.07000000000001
select	74.46000000000001
project	73.0
info	71.00999999999999
asset	67.38000000000001
node	66.45
tree	66.38
processor	65.94
cost	62.62
mous	61.89000000000001
attribut	58.339999999999996
categori	55.459999999999994
report	54.48
payment	52.61
role	49.59
price	49.589999999999996
locat	49.54
class	48.72
window	48.06
access	46.06999999999999
client	45.550000000000004
test	45.19
format	45.11
server	43.910000000000004
print	43.870000000000005
abstract	43.300000000000004
bank	43.02000000000001
list	42.67000000000001
licens	42.50999999999999
period	41.86
connect	40.86
action	40.01
color	39.8
cell	39.34000000000001
movement	39.269999999999996
panel	38.76999999999999
valid	38.589999999999996
group	37.76
error	37.24
definit	36.83
packag	36.83
save	36.44
statu	36.05
request	35.87
databas	34.98
workflow	34.94
statement	34.6
paramet	34.34
model	33.72
prepar	33.65999999999999
help	33.47
field	32.82
gener	32.459999999999994
rule	32.29
event	31.709999999999994
instanc	31.639999999999997
level	31.44
menu	31.44
freight	30.75
account	30.600000000000005
null	30.490000000000002
chang	30.470000000000002
schema	30.009999999999998
load	29.99
import	29.85
file	29.490000000000002
listen	29.48
warehous	29.43
document	29.429999999999996
descript	29.41
editor	29.159999999999997
lang	28.94000000000001
depreci	28.250000000000004
export	27.69
string	27.480000000000004
distribut	27.339999999999996
forecast	27.300000000000004
currenc	26.609999999999996
servic	26.54
concept	25.48
activ	25.189999999999998
resourc	25.150000000000002
migrat	24.96
assign	24.810000000000002
batch	24.569999999999997
dun	23.88
version	23.830000000000005
time	23.66
alloc	23.549999999999997
registr	23.48
password	22.93
text	22.669999999999998
para	22.45
brows	22.39
delet	22.349999999999998
replic	22.270000000000003
script	22.150000000000002
index	22.0
revers	21.79
record	21.689999999999998
handler	21.580000000000005
inventori	21.529999999999998
contain	21.290000000000006
compon	20.990000000000002
port	20.83
post	20.7
messag	20.41
cash	20.290000000000003
employe	20.200000000000003
parent	20.02
schedul	19.94
languag	19.92
http	19.860000000000003
check	19.67
mail	19.660000000000004
copi	19.409999999999997
app	19.3
region	19.2
match	18.99
data	18.919999999999998
imag	18.9
transact	18.9
discount	18.86
background	18.85
charg	18.71
issu	18.36
commiss	18.33
interfac	18.299999999999997
payrol	18.240000000000002
dialog	18.119999999999997
click	17.950000000000003
close	17.869999999999997
custom	17.82
measur	17.68
java	17.57
read	17.450000000000003
count	17.450000000000003
entiti	17.39
sale	17.380000000000003
mandatori	17.37
form	17.369999999999997
plan	17.310000000000002
queue	17.28
fact	17.23
refer	17.189999999999998
calendar	16.9
view	16.87
function	16.76
task	16.65
leav	16.54
display	16.5
default	16.460000000000004
session	16.21
bound	16.200000000000003
templat	16.18
write	16.090000000000003
start	15.990000000000004
sourc	15.950000000000003
claus	15.889999999999999
border	15.72
context	15.650000000000002
topic	15.46
zoom	15.139999999999997
approv	14.93
rate	14.870000000000001
replenish	14.75
dispos	14.720000000000002
header	14.690000000000001
join	14.68
day	14.59
unknown	14.540000000000001
confirm	14.490000000000002
alert	14.39
notic	14.33
requisit	14.319999999999999
entri	14.230000000000002
area	14.22
convers	14.17
applic	14.169999999999998
current	14.150000000000002
chat	14.15
open	14.13
attach	14.129999999999999
queri	13.909999999999998
bodi	13.9
base	13.9
convert	13.72
perform	13.68
result	13.61
shift	13.6
size	13.520000000000001
properti	13.190000000000001
promot	13.150000000000002
media	13.09
remot	13.040000000000001
lookup	13.030000000000001
support	13.03
token	13.010000000000002
desktop	12.98
factori	12.969999999999999
work	12.920000000000002
countri	12.900000000000004
html	12.879999999999999
login	12.879999999999999
setup	12.729999999999999
item	12.68
paint	12.59
button	12.319999999999999
return	12.300000000000002
method	12.18
year	12.14
directori	12.07
store	12.02
enter	11.93
agreement	11.79
word	11.68
wiki	11.61
focu	11.57
vehicl	11.57
factor	11.5
sequenc	11.440000000000001
popup	11.43
life	11.35
expens	11.33
credit	11.290000000000001
head	11.280000000000001
search	11.150000000000002
accept	11.129999999999999
command	11.129999999999999
counter	11.100000000000001
strategi	11.069999999999999
height	10.709999999999997
fund	10.689999999999998
width	10.570000000000002
folder	10.430000000000001
driver	10.42
pack	10.39
phase	10.389999999999999
invalid	10.360000000000001
unit	10.36
respons	10.28
standard	10.14
object	10.09
condit	9.979999999999999
inner	9.969999999999999
amort	9.950000000000001
reject	9.890000000000002
implement	9.87
grid	9.809999999999999
build	9.75
number	9.68
provid	9.649999999999999
primari	9.570000000000002
target	9.559999999999999
browser	9.44
execut	9.41
journal	9.389999999999999
content	9.370000000000001
cach	9.370000000000001
pane	9.350000000000001
frequenc	9.26
char	9.17
label	9.11
calcul	9.089999999999998
balanc	9.07
goal	9.05
section	9.030000000000001
viewer	9.030000000000001
subscrib	8.879999999999999
citi	8.87
summari	8.82
workbench	8.82
page	8.81
instal	8.76
archiv	8.75
address	8.7
prefer	8.67
requir	8.66
attend	8.57
enabl	8.490000000000002
initi	8.45
path	8.42
gradient	8.41
oper	8.35
icon	8.35
transport	8.34
exclud	8.3
control	8.29
criteria	8.219999999999999
multi	8.17
auto	8.13
secondari	8.120000000000005
salari	8.109999999999998
complet	8.100000000000001
chart	8.08
filter	8.07
oracl	8.049999999999997
total	8.040000000000001
layout	8.04
deliv	7.99
split	7.959999999999999
busi	7.89
home	7.850000000000001
reset	7.82
code	7.8
declar	7.8
frame	7.760000000000001
combo	7.75
shipment	7.74
basket	7.720000000000001
firewal	7.72
destroy	7.669999999999999
shipper	7.639999999999999
releas	7.63
pair	7.62
margin	7.619999999999999
offset	7.590000000000001
deploy	7.5600000000000005
manag	7.56
refresh	7.550000000000001
append	7.54
like	7.52
titl	7.5
upper	7.5
local	7.46
campaign	7.440000000000002
demand	7.35
send	7.3100000000000005
card	7.3
prioriti	7.260000000000001
profil	7.26
classif	7.210000000000001
commit	7.18
new	7.13
understand	7.090000000000001
postal	7.09
channel	7.09
land	7.0600000000000005
exist	7.06
host	7.040000000000001
book	7.039999999999999
loader	7.02
includ	7.000000000000001
coalesc	6.99
loan	6.950000000000001
recipi	6.880000000000001
incid	6.8
meta	6.7700000000000005
histori	6.77
combin	6.77
printer	6.77
align	6.749999999999999
recognit	6.740000000000001
engin	6.739999999999999
deliveri	6.71
logic	6.6499999999999995
durat	6.62
note	6.550000000000001
manufactur	6.5
stage	6.460000000000001
favorit	6.4399999999999995
phone	6.390000000000001
budget	6.299999999999999
set	6.29
ratio	6.2700000000000005
month	6.18
structur	6.16
theme	6.16
member	6.0600000000000005
relat	6.050000000000001
mnemon	6.029999999999999
mode	5.95
swing	5.95
backup	5.94
jasper	5.88
week	5.87
fail	5.8500000000000005
insur	5.84
common	5.8100000000000005
textur	5.800000000000002
withhold	5.8
research	5.760000000000001
absolut	5.75
insert	5.72
collector	5.71
bean	5.709999999999999
flow	5.6899999999999995
precis	5.659999999999999
comment	5.659999999999999
revenu	5.63
transfer	5.609999999999999
term	5.6000000000000005
true	5.6
cycl	5.57
translat	5.550000000000001
actual	5.55
uncheck	5.5
clean	5.49
merg	5.49
ship	5.42
row	5.390000000000001
right	5.39
accumul	5.39
contact	5.37
subscript	5.37
depart	5.369999999999999
sort	5.35
supervisor	5.300000000000001
remov	5.3
termin	5.290000000000001
download	5.279999999999999
pad	5.2700000000000005
press	5.2299999999999995
remuner	5.2
drill	5.15
span	5.140000000000001
weight	5.120000000000001
binari	5.12
correct	5.070000000000001
extens	5.03
constraint	5.01
option	5.01
output	4.99
left	4.98
timeout	4.97
compar	4.960000000000001
confidenti	4.95
pattern	4.95
guarante	4.93
array	4.92
benchmark	4.91
recur	4.8999999999999995
vendor	4.81
unlock	4.76
reserv	4.74
prefix	4.74
pars	4.739999999999999
forward	4.720000000000001
avail	4.71
qualiti	4.6899999999999995
hash	4.66
equal	4.66
main	4.63
dashboard	4.63
volum	4.59
hand	4.58
instruct	4.55
consolid	4.54
storag	4.539999999999999
state	4.51
rout	4.48
reconcili	4.4799999999999995
audit	4.47
fix	4.46
drop	4.43
clear	4.42
quot	4.41
tool	4.41
greet	4.41
length	4.4
proxi	4.4
slot	4.38
uniqu	4.359999999999999
void	4.3500000000000005
abort	4.3500000000000005
screen	4.3500000000000005
multipli	4.34
broadcast	4.28
substitut	4.21
opportun	4.2
worker	4.2
wrapper	4.17
public	4.16
scale	4.140000000000001
educ	4.140000000000001
dark	4.13
garden	4.12
percentag	4.12
graph	4.1
buyer	4.07
defer	4.06
posit	4.05
dimens	4.01
materi	4.0
render	3.99
stream	3.9799999999999995
step	3.9799999999999995
edit	3.9299999999999997
receipt	3.91
tanneri	3.9000000000000004
monro	3.9000000000000004
pass	3.9000000000000004
suffix	3.9000000000000004
domain	3.9
varianc	3.8600000000000003
career	3.86
regist	3.85
hierarchi	3.85
conflict	3.8400000000000003
axi	3.81
increment	3.78
lock	3.78
break	3.76
partner	3.74
appli	3.7300000000000004
restrict	3.7299999999999995
agent	3.7199999999999998
gain	3.6999999999999997
input	3.69
seller	3.69
memo	3.6899999999999995
outer	3.67
stop	3.67
center	3.66
expir	3.66
network	3.6599999999999997
transit	3.6100000000000003
block	3.61
accrual	3.59
author	3.58
footer	3.58
grand	3.58
cube	3.5699999999999994
allow	3.56
starter	3.5599999999999996
resolut	3.55
style	3.5400000000000005
sync	3.54
promis	3.5300000000000002
past	3.53
success	3.5200000000000005
overflow	3.4600000000000004
strong	3.45
keyword	3.45
receiv	3.4499999999999997
notif	3.44
modul	3.4000000000000004
race	3.4000000000000004
maintain	3.39
simpl	3.3899999999999997
fee	3.37
train	3.3699999999999997
specif	3.3600000000000003
link	3.36
encrypt	3.3400000000000003
world	3.34
polici	3.33
degre	3.33
rang	3.33
tomcat	3.3200000000000003
shelf	3.3200000000000003
expand	3.3
email	3.29
depend	3.29
statist	3.2800000000000002
compart	3.2800000000000002
separ	3.2700000000000005
secur	3.2600000000000002
look	3.25
paper	3.25
evalu	3.2399999999999998
singl	3.2199999999999998
skill	3.21
offer	3.2
overwrit	3.2
undefin	3.1999999999999997
disabl	3.1900000000000004
relationship	3.1599999999999997
queu	3.1500000000000004
reason	3.13
expect	3.12
launch	3.12
key	3.1100000000000003
recent	3.0999999999999996
capit	3.09
upgrad	3.0899999999999994
repli	3.0700000000000003
contract	3.07
tutori	3.0600000000000005
cancel	3.06
adjust	3.05
trace	3.0300000000000002
libero	3.03
rank	3.02
logo	3.0
excel	3.0
paid	2.97
smart	2.96
thousand	2.9499999999999997
make	2.91
encod	2.91
addit	2.9
prepay	2.84
finish	2.83
winner	2.8200000000000003
master	2.8
rollback	2.8
paye	2.8
unidentifi	2.79
bequeath	2.77
embed	2.7699999999999996
collect	2.7699999999999996
normal	2.75
privat	2.74
logger	2.73
program	2.73
discontinu	2.7100000000000004
tender	2.71
known	2.71
wait	2.7
recommend	2.7
immedi	2.69
scenario	2.68
charact	2.6799999999999997
dump	2.6799999999999997
advertis	2.6799999999999997
verifi	2.67
tab	2.67
differ	2.67
achiev	2.66
keyboard	2.6500000000000004
segment	2.6500000000000004
thread	2.65
applet	2.64
grade	2.61
seed	2.5999999999999996
children	2.59
defin	2.59
exempt	2.58
environ	2.54
surrog	2.54
modal	2.52
miss	2.52
mainten	2.51
poster	2.51
synonym	2.51
alia	2.49
transpar	2.4899999999999998
convent	2.48
ad	2.47
cite	2.47
feel	2.47
lead	2.4699999999999998
self	2.4699999999999998
withdraw	2.4699999999999998
interrupt	2.45
persist	2.45
consol	2.44
mechan	2.44
unconfirm	2.44
percent	2.4299999999999997
impress	2.4299999999999997
given	2.42
reward	2.42
limit	2.38
catalog	2.3699999999999997
col	2.35
run	2.35
hour	2.34
softwar	2.33
interview	2.33
robot	2.3299999999999996
wrap	2.3200000000000003
virtual	2.32
constructor	2.32
lost	2.31
suppli	2.3099999999999996
vertic	2.3
travers	2.29
detect	2.29
divid	2.29
design	2.29
forum	2.28
share	2.28
central	2.28
mini	2.27
scroll	2.2600000000000002
doc	2.2600000000000002
visit	2.26
uninstal	2.26
exampl	2.25
onlin	2.2399999999999998
hous	2.2399999999999998
spent	2.23
minut	2.23
protocol	2.23
minimum	2.2199999999999998
featur	2.21
callback	2.21
unsupport	2.2
temporari	2.2
extern	2.19
industri	2.19
planner	2.1799999999999997
checkbox	2.17
remit	2.17
purchas	2.17
weekli	2.17
foreground	2.16
reader	2.14
direct	2.12
suspend	2.12
indic	2.12
throw	2.12
age	2.12
replac	2.11
caret	2.1
submit	2.09
disallow	2.09
util	2.09
cleanup	2.08
stroke	2.07
integr	2.06
ignor	2.06
referr	2.0500000000000003
revis	2.04
contribut	2.04
plain	2.03
registri	2.02
modifi	2.02
social	2.02
configur	2.0100000000000002
loss	2.01
strip	2.0
obscur	1.9999999999999998
equiv	1.9900000000000002
manual	1.99
decim	1.99
realm	1.98
forc	1.98
compat	1.97
scrap	1.96
metal	1.96
indent	1.96
creator	1.95
perpetu	1.93
integ	1.92
logout	1.92
spool	1.9100000000000001
warn	1.91
identifi	1.9
argument	1.8800000000000001
quantiti	1.8800000000000001
cutoff	1.88
visibl	1.88
sleep	1.88
effect	1.87
fulli	1.85
flush	1.84
remain	1.8399999999999999
alter	1.83
swap	1.83
trim	1.8199999999999998
invit	1.8199999999999998
invok	1.81
hint	1.81
synchron	1.8
outbound	1.8
assay	1.8
loop	1.7999999999999998
redirect	1.78
preserv	1.78
remitt	1.7799999999999998
foreign	1.77
solid	1.77
inlin	1.76
radio	1.75
modif	1.75
grow	1.74
landscap	1.74
ticket	1.73
case	1.73
diff	1.73
inst	1.71
origin	1.71
black	1.71
orient	1.6900000000000002
multipl	1.6900000000000002
renew	1.6900000000000002
deposit	1.69
premium	1.68
digest	1.6700000000000002
pleas	1.67
cent	1.67
matrix	1.67
collaps	1.6500000000000001
propag	1.65
averag	1.65
round	1.65
futur	1.65
organ	1.64
unus	1.64
overdu	1.6300000000000001
plu	1.62
push	1.6199999999999999
shadow	1.61
maria	1.6099999999999999
realiz	1.6099999999999999
arrow	1.6
blank	1.6
comp	1.5999999999999999
blue	1.5899999999999999
repeat	1.5899999999999999
frozen	1.58
fals	1.58
barbecu	1.58
cooki	1.5699999999999998
plant	1.56
sheet	1.56
distanc	1.56
intern	1.55
toggl	1.55
experi	1.5499999999999998
small	1.54
destin	1.53
root	1.5299999999999998
toolbar	1.52
unabl	1.52
byte	1.52
overtim	1.52
sent	1.51
natur	1.51
resum	1.5
assert	1.48
sender	1.48
log	1.48
extend	1.47
postcod	1.47
startup	1.47
simul	1.4600000000000002
trigger	1.4500000000000002
adapt	1.4500000000000002
parser	1.4500000000000002
map	1.4400000000000002
critic	1.44
groovi	1.44
handl	1.4300000000000002
probabl	1.43
static	1.4200000000000002
begin	1.4
authent	1.4
estim	1.3900000000000001
pool	1.3900000000000001
retir	1.38
emb	1.37
wrong	1.36
timer	1.36
flat	1.3599999999999999
hesit	1.3499999999999999
badg	1.33
launcher	1.32
birth	1.32
bold	1.31
monitor	1.31
lot	1.31
today	1.29
subject	1.29
alreadi	1.28
liabil	1.28
gamma	1.2799999999999998
empti	1.26
decod	1.25
filler	1.25
fiscal	1.23
prior	1.23
previou	1.21
mark	1.21
beta	1.21
serif	1.2000000000000002
meth	1.2000000000000002
printabl	1.2
insuffici	1.2
buffer	1.2
printout	1.19
daili	1.1800000000000002
scan	1.18
sardin	1.18
express	1.18
gross	1.1700000000000002
financi	1.17
callabl	1.17
decor	1.1600000000000001
tear	1.16
drag	1.15
cover	1.1400000000000001
grace	1.1400000000000001
moder	1.1400000000000001
strength	1.1400000000000001
second	1.14
inquiri	1.14
minu	1.1300000000000001
inter	1.1300000000000001
cursor	1.12
unreal	1.12
final	1.11
trunk	1.1099999999999999
precondit	1.1099999999999999
quit	1.1
dynam	1.1
green	1.1
sign	1.09
lima	1.0899999999999999
certif	1.08
ldap	1.08
undo	1.08
colleg	1.08
anoth	1.07
phantom	1.07
human	1.0699999999999998
platform	1.06
implos	1.06
ctrl	1.05
ident	1.0499999999999998
parti	1.04
klient	1.0299999999999998
datenbank	1.02
windsor	1.02
fish	1.01
free	1.0
filenam	1.0
awar	1.0
delta	1.0
librari	0.99
remark	0.99
boolean	0.98
provis	0.9700000000000001
timestamp	0.97
elaps	0.97
commod	0.97
best	0.97
cumul	0.9600000000000001
real	0.9600000000000001
amazon	0.9600000000000001
cast	0.96
electron	0.96
helper	0.96
french	0.96
publish	0.96
enforc	0.96
toler	0.96
testabl	0.95
googl	0.95
digit	0.94
lower	0.94
centavo	0.94
bandbox	0.93
iter	0.9299999999999999
puerto	0.9299999999999999
neg	0.9299999999999999
taxabl	0.9299999999999999
invari	0.92
splash	0.92
captur	0.9199999999999999
resiz	0.9199999999999999
retriev	0.9199999999999999
valuta	0.9199999999999999
suspens	0.9199999999999999
metadata	0.91
slide	0.91
horizont	0.91
placehold	0.9099999999999999
zero	0.9099999999999999
indefinit	0.9099999999999999
recreat	0.9
glass	0.8999999999999999
inbound	0.89
strict	0.8899999999999999
upload	0.8899999999999999
tick	0.88
ticker	0.88
signatur	0.8700000000000001
variabl	0.87
excerpt	0.87
disput	0.87
abbr	0.8600000000000001
unprocess	0.8600000000000001
mismatch	0.8600000000000001
shot	0.8600000000000001
draft	0.8600000000000001
explod	0.8500000000000001
long	0.8500000000000001
middl	0.85
usag	0.85
dict	0.85
numer	0.85
subcontract	0.8499999999999999
face	0.8400000000000001
switch	0.8400000000000001
bullet	0.84
child	0.84
spread	0.84
creation	0.8300000000000001
yield	0.8300000000000001
recurr	0.83
exponenti	0.8200000000000001
examin	0.8200000000000001
lord	0.82
accordion	0.82
stack	0.82
conn	0.81
emerald	0.81
barcod	0.81
mileston	0.81
white	0.8
elast	0.8
caller	0.8
constant	0.8
aliv	0.8
bind	0.8
flavor	0.8
wage	0.8
smooth	0.79
disconnect	0.79
scope	0.79
symbol	0.78
depress	0.77
telephon	0.77
acceler	0.77
princip	0.77
school	0.77
mobil	0.76
point	0.76
stub	0.76
alpha	0.76
reimburs	0.76
ownership	0.76
capac	0.75
aqua	0.75
fatal	0.74
opaqu	0.74
usernam	0.74
rubi	0.74
watch	0.74
revalu	0.74
million	0.73
auction	0.73
hidden	0.72
deselect	0.72
delay	0.72
need	0.72
drawer	0.72
illeg	0.71
maximum	0.71
legend	0.71
skip	0.71
flag	0.71
escal	0.71
jpeg	0.71
inset	0.71
charcoal	0.71
financ	0.71
shape	0.7
roll	0.7
nativ	0.7
core	0.7
blink	0.69
switcher	0.69
concurr	0.69
scholarship	0.69
debug	0.68
mix	0.68
hold	0.68
konflikt	0.68
violat	0.6799999999999999
shell	0.6799999999999999
proforma	0.6799999999999999
commun	0.67
pick	0.67
procedur	0.67
reloc	0.67
univers	0.67
rel	0.6699999999999999
recalcul	0.66
thursday	0.66
wednesday	0.66
tuesday	0.66
friday	0.66
monday	0.66
saturday	0.66
sunday	0.66
uncaught	0.65
weak	0.65
preview	0.65
noth	0.6499999999999999
depth	0.64
els	0.64
miscellan	0.64
inconsist	0.64
trial	0.64
quadrillion	0.6399999999999999
agenc	0.6399999999999999
trig	0.63
stock	0.63
radiu	0.63
socket	0.63
develop	0.63
manifest	0.63
unix	0.63
donn	0.63
proof	0.63
street	0.63
suit	0.62
delimit	0.62
newlin	0.62
prep	0.62
euro	0.6100000000000001
caption	0.61
fenc	0.61
silent	0.61
devic	0.61
special	0.61
unzip	0.61
builder	0.61
redo	0.6000000000000001
invest	0.6000000000000001
coordin	0.6000000000000001
fifo	0.6
scheme	0.6
encount	0.6
insid	0.6
lesen	0.6
encumbr	0.6
physic	0.6
overview	0.59
timelin	0.59
regress	0.5800000000000001
rais	0.5800000000000001
wish	0.5800000000000001
random	0.5800000000000001
summar	0.5800000000000001
passiv	0.5800000000000001
nome	0.5800000000000001
soap	0.58
inform	0.58
slug	0.5700000000000001
sequenti	0.5700000000000001
histor	0.5700000000000001
isdn	0.5700000000000001
acronym	0.57
diagram	0.57
chooser	0.57
space	0.56
dist	0.56
light	0.56
joiner	0.55
patch	0.55
band	0.55
placement	0.55
obviou	0.55
lingual	0.55
town	0.54
abalon	0.54
binder	0.54
referenc	0.54
overrid	0.54
swift	0.54
dual	0.53
rerun	0.53
axe	0.52
catalina	0.52
backspac	0.52
widget	0.52
writer	0.52
quarter	0.52
hyphen	0.52
nation	0.52
commut	0.51
strike	0.51
letter	0.51
dell	0.51
passwort	0.51
niet	0.51
assum	0.51
terminolog	0.51
scrip	0.51
represent	0.5
exit	0.5
enterpris	0.5
weekend	0.5
dear	0.5
monthli	0.5
clone	0.49
leaf	0.49
progress	0.49
kill	0.49
struktur	0.49
draw	0.49
settlement	0.49
recurs	0.49
vapor	0.49
jar	0.49
firefox	0.47000000000000003
tail	0.47000000000000003
arm	0.47
apach	0.47
feed	0.47
composit	0.47
medium	0.47
solut	0.47
inexist	0.47
english	0.47
ordin	0.47
couleur	0.47
subtract	0.47
baselin	0.46
pref	0.46
groov	0.46
judd	0.46
syntax	0.46
dictum	0.46
navig	0.45999999999999996
horizon	0.45999999999999996
prolog	0.45
deriv	0.45
fifti	0.45
tri	0.45
revok	0.45
complianc	0.45
counti	0.45
serial	0.44999999999999996
feil	0.44
nonexist	0.44
highlight	0.44
shown	0.44
chapter	0.44
diam	0.44
uncondit	0.44
guid	0.43000000000000005
tracker	0.43
deactiv	0.43
inherit	0.43
resp	0.43
review	0.43
painter	0.43
bucket	0.43
vita	0.43
reconcil	0.43
accuraci	0.43
stori	0.42000000000000004
plastic	0.42000000000000004
trillion	0.42000000000000004
prorat	0.42000000000000004
adjac	0.42000000000000004
spin	0.42
iban	0.42
reload	0.42
dispatch	0.41000000000000003
copyright	0.41000000000000003
favor	0.41000000000000003
mask	0.41000000000000003
escap	0.41000000000000003
url	0.41
organis	0.41
verbindung	0.41
greater	0.41
global	0.4
edda	0.4
quick	0.4
michael	0.4
entr	0.4
extract	0.4
trill	0.4
dinar	0.4
verif	0.4
high	0.4
duplic	0.4
memori	0.4
unload	0.39
standalon	0.39
appl	0.39
san	0.39
happi	0.39
forst	0.39
chargeabl	0.39
salt	0.39
analyz	0.38
use	0.38
usual	0.38
brighter	0.38
sprog	0.38
damag	0.38
outsid	0.38
quinc	0.38
otto	0.38
reduc	0.38
scanner	0.38
doubl	0.38
opposit	0.38
abnorm	0.38
valuat	0.38
rehash	0.37
retri	0.37
anchor	0.37
lane	0.37
hintergrund	0.37
cashbook	0.37
spacer	0.36
darker	0.36
nutzer	0.36
dolor	0.36
koma	0.36
admin	0.35
offic	0.35
failur	0.35
felt	0.35
tupl	0.35
advanc	0.35
merchant	0.35
fehler	0.34
signal	0.34
discov	0.34
fedora	0.34
unauthent	0.34
audio	0.34
schrift	0.34
gray	0.34
lawn	0.33
ant	0.33
conform	0.33
passiva	0.33
mani	0.33
happen	0.32
live	0.32
blind	0.32
veld	0.32
newsgroup	0.31
technic	0.31
datatyp	0.3
interv	0.3
tray	0.3
payabl	0.3
jump	0.3
negoti	0.3
heap	0.3
subtot	0.29
overlap	0.29
bracket	0.29
multipart	0.29
bearer	0.29
unwrap	0.29
deprec	0.29
unpack	0.29
versteh	0.29
lizenz	0.29
akzeptieren	0.29
akzeptier	0.29
rotat	0.29
graphic	0.29
trademark	0.28
exceed	0.28
compil	0.28
captor	0.28
introduc	0.28
succeed	0.28
abgelehnt	0.28
ascii	0.28
farb	0.28
tone	0.28
rectangl	0.28
poll	0.28
follow	0.27
sibl	0.27
board	0.27
unrecover	0.27
challeng	0.27
abgelaufen	0.27
ital	0.27
inflat	0.27
altern	0.26
forgot	0.26
attempt	0.26
dash	0.26
inappropri	0.26
turn	0.26
meant	0.26
alon	0.26
expung	0.26
nein	0.26
ringgit	0.26
lini	0.26
track	0.26
distinct	0.26
trad	0.26
kilo	0.25
naiv	0.25
east	0.25
north	0.25
automat	0.25
care	0.25
redesign	0.25
gefunden	0.25
guest	0.25
assumpt	0.25
milliard	0.25
rememb	0.25
answer	0.25
aggreg	0.25
oldest	0.25
site	0.24
written	0.24
flash	0.24
south	0.24
west	0.24
gitter	0.24
recov	0.24
explan	0.24
tester	0.24
vintag	0.24
nova	0.24
pisa	0.24
jail	0.24
tenant	0.24
compli	0.24
seiz	0.24
campo	0.24
camp	0.24
macro	0.24
unearn	0.24
ajax	0.23
circl	0.23
trashcan	0.23
instanti	0.23
bugfix	0.23
verbunden	0.23
lido	0.23
titular	0.23
limb	0.23
previous	0.23
focus	0.23
inbox	0.23
spreadsheet	0.22
safeti	0.22
regard	0.22
polynomi	0.22
tripl	0.22
hotspot	0.22
necessari	0.22
alexandria	0.22
touch	0.22
larg	0.22
famili	0.22
appar	0.22
stand	0.22
eingeben	0.22
ver	0.22
deleg	0.22
offici	0.22
sensit	0.22
portrait	0.22
deviat	0.22
cert	0.22
beneficiari	0.22
aktiven	0.22
recoveri	0.22
recruit	0.22
opt	0.21
python	0.21
uniniti	0.21
pointer	0.21
basic	0.21
unsubscrib	0.21
improv	0.21
tire	0.21
toad	0.21
fast	0.21
sprach	0.21
howdi	0.21
becom	0.21
unord	0.21
demo	0.21
durabl	0.21
caus	0.21
edg	0.21
realli	0.21
thank	0.21
yamagata	0.21
okinawa	0.21
okayama	0.21
nagasaki	0.21
kyoto	0.21
kagoshima	0.21
hokkaido	0.21
hiroshima	0.21
fukushima	0.21
fukuoka	0.21
chiba	0.21
akita	0.21
leas	0.21
incl	0.21
maya	0.21
regex	0.21
restor	0.21
formula	0.21
immut	0.21
cyclic	0.2
moment	0.2
consult	0.2
repackag	0.2
instead	0.2
unavail	0.2
accord	0.2
linear	0.2
suggest	0.2
littl	0.2
rollen	0.2
anmeldung	0.2
beep	0.2
yang	0.2
passer	0.2
clip	0.2
pixel	0.2
exec	0.2
finest	0.2
finer	0.2
corpor	0.2
market	0.2
cascad	0.2
saga	0.2
osaka	0.2
optim	0.2
transient	0.2
feedback	0.2
shade	0.19
poli	0.19
pretti	0.19
tax	0.19
safari	0.19
slow	0.19
anomali	0.19
detach	0.19
repaint	0.19
unbind	0.19
correspond	0.19
lifetim	0.19
newli	0.19
invoc	0.19
decrement	0.19
idea	0.19
aid	0.19
datum	0.19
dato	0.19
underlin	0.19
paragraph	0.19
unchang	0.19
anticip	0.19
hello	0.19
notifi	0.19
hard	0.19
evolut	0.19
fetch	0.19
cipher	0.19
seventi	0.19
seventeen	0.19
nineti	0.19
nineteen	0.19
fourteen	0.19
forti	0.19
eighteen	0.19
billion	0.19
twenti	0.19
thirteen	0.19
sixti	0.19
thirti	0.19
sixteen	0.19
remind	0.19
threshold	0.19
dado	0.19
aktiv	0.19
checker	0.18
blur	0.18
ruiz	0.18
opac	0.18
super	0.18
voic	0.18
stale	0.18
basi	0.18
dbm	0.18
teach	0.18
twelv	0.18
backward	0.18
choic	0.18
transform	0.18
father	0.18
entranc	0.18
