tabl	7.16
definit	6.180000000000001
object	5.640000000000001
column	5.28
load	5.13
type	3.94
header	3.9100000000000006
content	3.4999999999999996
initi	3.0699999999999994
defer	2.6899999999999995
migrat	2.22
constraint	2.21
interfac	2.0
uniqu	2.0
function	1.9500000000000002
logger	1.72
foreign	1.48
trigger	1.4500000000000002
primari	1.32
check	1.31
null	1.11
sequenc	1.11
oper	1.1099999999999999
index	1.07
preserv	1.02
metadata	0.91
node	0.8999999999999999
parent	0.89
signatur	0.8700000000000001
bodi	0.87
argument	0.87
static	0.8200000000000001
help	0.78
option	0.69
element	0.6799999999999999
view	0.64
mnemon	0.63
trig	0.63
sort	0.62
target	0.6
databas	0.5800000000000001
drop	0.5800000000000001
return	0.56
tree	0.55
joiner	0.55
counter	0.55
sourc	0.55
current	0.54
button	0.52
commut	0.51
claus	0.5
orient	0.49
cycl	0.49
action	0.44
format	0.42000000000000004
statement	0.42
translat	0.41000000000000003
reset	0.4
rule	0.39
cach	0.39
filter	0.39
match	0.38
stream	0.36
interrupt	0.36
error	0.35
minimum	0.33
prepar	0.32
increment	0.32
maximum	0.32
left	0.32
execut	0.31
dialog	0.3
delet	0.3
right	0.3
precis	0.29
upper	0.29
print	0.28
event	0.27
default	0.26
separ	0.26
schema	0.25
size	0.24
connect	0.24
updat	0.23
result	0.22
messag	0.22
access	0.21
custom	0.2
user	0.2
direct	0.2
level	0.2
client	0.19
menu	0.19
synchron	0.19
font	0.19
order	0.19
titl	0.18
catalog	0.18
string	0.18
