servic	1.51
email	1.3
chunk	1.1800000000000002
static	1.1
project	1.09
manifest	1.06
send	0.96
messag	0.93
configur	0.87
revis	0.65
disallow	0.6
robot	0.57
main	0.54
unlock	0.52
agent	0.51
color	0.5
version	0.49
script	0.48
user	0.44
file	0.44
worker	0.43
lock	0.42
standalon	0.41
document	0.39
return	0.38
function	0.37
wait	0.36
upload	0.36
releas	0.35
updat	0.33
hello	0.33
address	0.32
theme	0.31
skip	0.31
storag	0.3
regard	0.3
background	0.29
short	0.28
icon	0.27
object	0.27
size	0.25
index	0.24
complet	0.24
display	0.23
properti	0.23
number	0.22
requir	0.22
pleas	0.2
start	0.19
push	0.19
field	0.19
need	0.18
