docker	13.01
compos	3.79
swagger	2.73
server	2.58
port	1.72
instal	1.44
cach	1.12
version	1.1199999999999999
master	1.02
reset	1.0
backup	0.94
use	0.8200000000000001
rest	0.77
http	0.7
develop	0.65
datenbank	0.64
timezon	0.62
build	0.5700000000000001
domain	0.54
cert	0.5
volum	0.47000000000000003
mittel	0.46
stomp	0.43
host	0.37
enabl	0.36
ersetz	0.34
versionsnumm	0.34
herau	0.31
brows	0.31
view	0.31
databas	0.28
folgenden	0.25
durchsuchen	0.25
chang	0.24
replac	0.24
tabellen	0.23
aktivierung	0.23
number	0.22
hostnamen	0.21
aktivieren	0.21
installier	0.21
languag	0.21
setz	0.2
debug	0.2
session	0.2
dist	0.2
wahl	0.19
java	0.19
sicher	0.18
schritt	0.18
abl	0.18
