bound	8.36
process	3.34
string	3.0700000000000003
type	2.8600000000000003
invoic	2.43
line	2.2600000000000002
order	1.66
locat	1.63
gener	1.55
strategi	1.53
select	1.53
abstract	1.2699999999999998
area	1.21
section	1.17
rule	1.06
shipment	1.02
interfac	1.0
libero	0.95
inbound	0.89
freight	0.86
lord	0.82
border	0.78
factori	0.78
fail	0.75
null	0.63
deliveri	0.62
scan	0.61
product	0.6
fifo	0.6
outbound	0.5800000000000001
properti	0.56
prepar	0.51
warehous	0.5
releas	0.5
hand	0.47
suppli	0.47
action	0.44
consolid	0.43
shipper	0.4
instanc	0.39
date	0.38
attribut	0.36
movement	0.36
revers	0.34
definit	0.32
demand	0.32
panel	0.31
garden	0.31
avail	0.3
void	0.29
includ	0.29
creat	0.29
target	0.28
world	0.27
engin	0.27
pick	0.23
group	0.23
close	0.22
distribut	0.22
print	0.21
document	0.2
upper	0.2
join	0.19
coalesc	0.19
exist	0.19
storag	0.19
guarante	0.19
prioriti	0.19
header	0.19
receipt	0.18
base	0.18
format	0.18
