project	30.760000000000005
servic	13.600000000000003
invoic	10.89
busi	8.879999999999999
line	7.0600000000000005
task	5.46
analyt	3.920000000000001
self	3.8300000000000005
purchas	3.8099999999999996
order	3.7199999999999998
team	3.3899999999999997
sale	2.55
expens	2.4699999999999998
control	2.37
repositori	2.3400000000000003
gener	2.25
annex	2.05
workflow	1.92
discount	1.64
factori	1.63
folder	1.59
distribut	1.3
form	1.25
templat	1.23
contract	1.2200000000000002
price	1.1300000000000001
grid	1.07
hidden	1.06
cost	1.05
alon	0.99
valid	0.95
context	0.83
cancel	0.81
manag	0.8
product	0.73
merg	0.72
statu	0.71
print	0.6799999999999999
comput	0.6699999999999999
ventil	0.66
payment	0.55
valu	0.53
true	0.51
mobil	0.5
custom	0.48000000000000004
updat	0.44
modul	0.44
batch	0.44
filter	0.43
panel	0.42
stock	0.41
deadlin	0.41
uncheck	0.41
refresh	0.4
assist	0.39
timezon	0.38
imposs	0.37
phase	0.37
imput	0.36
supplier	0.35
quotat	0.31
configur	0.31
durat	0.31
height	0.29
convert	0.28
accept	0.27
creat	0.27
financi	0.26
select	0.26
sinc	0.25
finish	0.24
copi	0.21
date	0.21
unit	0.21
alreadi	0.2
file	0.2
report	0.2
partner	0.19
element	0.19
save	0.19
remov	0.19
default	0.18
