test	367.9
item	313.85
label	197.28
account	174.67000000000002
employe	150.53000000000003
hide	140.70000000000002
report	107.39
allow	106.07
compani	99.8
sale	95.49
date	90.68000000000002
set	89.49000000000001
student	88.74000000000001
break	86.08
filter	84.64000000000003
leav	78.44000000000001
print	78.32000000000001
loan	76.86999999999999
supplier	73.27000000000001
role	73.08
type	70.69000000000003
group	69.62999999999998
purchas	69.28
custom	67.78999999999999
stock	66.92
invoic	65.84
patient	65.17
templat	64.92
payment	64.6
valu	63.510000000000005
ignor	60.47000000000001
entri	58.25
search	57.550000000000004
link	55.9
read	54.540000000000006
administr	53.34
salari	53.3
order	53.070000000000014
assess	52.830000000000005
modifi	51.86
cours	51.239999999999995
warehous	50.64
class	49.77000000000001
option	44.26
project	43.51
width	43.47999999999999
quotat	42.190000000000005
chart	42.17999999999999
applic	42.14
asset	41.129999999999995
qualiti	40.55
currenc	39.76
bank	38.99
appoint	38.279999999999994
program	37.949999999999996
task	37.60999999999999
price	36.330000000000005
address	36.050000000000004
request	35.96
categori	34.93
section	34.88
plan	33.879999999999995
attend	33.75000000000001
field	33.620000000000005
materi	33.17
depart	32.61
rate	32.290000000000006
lead	31.37
statu	31.24
user	30.840000000000003
view	30.399999999999995
year	30.319999999999997
opportun	30.07
transact	29.84
time	29.710000000000004
code	29.509999999999998
mainten	29.03
term	28.97
room	28.76
manufactur	28.15
work	27.939999999999998
total	27.72
schedul	27.369999999999997
secur	27.26
medic	27.229999999999997
list	26.860000000000003
healthcar	26.589999999999996
default	25.59
expens	25.409999999999997
tax	25.249999999999996
email	25.220000000000002
train	25.19
parti	25.11
parent	24.44
rule	24.290000000000003
hotel	24.28
cost	23.81
wise	23.16
deliveri	23.090000000000003
summari	22.97
card	22.169999999999998
frapp	21.9
analysi	21.880000000000003
product	21.87
academ	21.840000000000007
data	21.830000000000002
fiscal	21.77
tool	21.709999999999997
variant	21.47
dashboard	21.13
enrol	20.779999999999998
holiday	20.65
restaur	20.330000000000002
exempt	20.299999999999997
batch	19.95
inspect	19.830000000000002
territori	19.83
criteria	19.560000000000002
subscript	19.369999999999997
column	19.23
correct	19.130000000000003
payrol	18.860000000000003
therapi	18.84
execut	18.63
voucher	18.44
balanc	18.240000000000002
oper	18.03
claim	17.96
incom	17.52
charg	17.5
content	17.48
issu	17.39
action	17.350000000000005
period	17.26
topic	17.18
cart	17.05
receiv	17.0
open	16.96
valid	16.660000000000004
membership	16.66
close	16.44
cash	16.429999999999996
procedur	16.39
ledger	16.37
practition	16.240000000000002
receipt	16.16
span	16.090000000000003
refer	16.07
style	15.89
inpati	15.85
center	15.649999999999999
record	15.530000000000001
share	15.450000000000001
text	15.390000000000002
permiss	15.35
websit	15.34
serial	15.19
slip	15.14
number	15.07
quiz	14.89
buy	14.809999999999999
creat	14.63
structur	14.510000000000002
trend	14.320000000000002
shift	14.319999999999997
workstat	14.189999999999998
activ	14.18
flow	14.170000000000002
result	14.139999999999999
grade	14.07
loyalti	13.98
certif	13.88
unit	13.82
lost	13.75
brand	13.75
disabl	13.749999999999998
contact	13.56
book	13.42
compon	13.379999999999999
servic	13.350000000000003
dimens	13.35
member	13.18
depend	13.16
design	13.120000000000001
profit	13.12
discount	13.1
seri	13.08
stat	13.06
donor	12.88
instructor	12.87
ship	12.759999999999998
feedback	12.75
transfer	12.71
monthli	12.68
locat	12.679999999999998
partner	12.53
block	12.45
prescript	12.280000000000001
sell	12.120000000000001
video	12.07
apprais	12.059999999999999
person	11.909999999999998
campaign	11.86
note	11.849999999999998
context	11.8
format	11.78
day	11.700000000000001
scorecard	11.66
map	11.629999999999999
deduct	11.58
state	11.509999999999998
dosag	11.509999999999998
region	11.469999999999999
contract	11.4
paramet	11.39
journal	11.290000000000001
credit	11.23
educ	11.18
reason	11.070000000000002
complet	11.03
countri	10.98
regist	10.950000000000001
offer	10.93
depreci	10.879999999999999
guardian	10.82
attribut	10.700000000000001
hidden	10.660000000000002
advanc	10.65
sharehold	10.57
vehicl	10.51
alloc	10.419999999999998
queri	10.39
green	10.31
pledg	10.120000000000001
benefit	10.08
question	10.08
onboard	10.02
polici	10.010000000000002
goal	9.919999999999998
tabl	9.909999999999998
sampl	9.86
hour	9.819999999999999
chapter	9.790000000000001
import	9.780000000000001
reconcili	9.74
agricultur	9.660000000000002
travel	9.57
post	9.52
soil	9.510000000000002
team	9.49
orang	9.489999999999998
step	9.43
payabl	9.360000000000001
statement	9.350000000000001
volunt	9.34
histori	9.3
target	9.299999999999999
score	9.29
gratuiti	9.24
event	9.23
assign	9.200000000000001
profil	9.15
form	9.090000000000002
point	9.02
right	9.010000000000002
india	8.999999999999998
updat	8.97
base	8.969999999999999
bundl	8.930000000000001
skill	8.899999999999999
financ	8.84
rout	8.809999999999999
daili	8.76
marketplac	8.71
exchang	8.67
month	8.58
slab	8.57
document	8.51
exercis	8.5
encount	8.49
organ	8.48
manag	8.450000000000001
imag	8.379999999999999
branch	8.35
sort	8.34
sourc	8.25
prioriti	8.22
descript	8.200000000000001
mode	8.110000000000001
repay	8.08
reserv	8.05
budget	8.05
admiss	8.049999999999999
start	7.920000000000001
homepag	7.92
clinic	7.82
rang	7.8100000000000005
page	7.79
convers	7.720000000000001
dun	7.660000000000001
clearanc	7.6499999999999995
pend	7.550000000000001
prepar	7.550000000000001
shipment	7.5
master	7.48
titl	7.449999999999999
child	7.439999999999999
staf	7.369999999999999
letter	7.3500000000000005
commun	7.339999999999999
null	7.24
paid	7.12
root	7.000000000000001
support	6.859999999999999
properti	6.8500000000000005
varianc	6.830000000000001
setup	6.799999999999999
progress	6.790000000000001
factor	6.79
margin	6.720000000000001
shortfal	6.720000000000001
fee	6.71
debit	6.65
promot	6.6000000000000005
withhold	6.599999999999999
diagnosi	6.54
crop	6.51
includ	6.51
gateway	6.489999999999999
distribut	6.449999999999999
visit	6.4
introduct	6.37
mandat	6.330000000000001
review	6.320000000000001
half	6.310000000000001
downtim	6.309999999999999
condit	6.3
length	6.270000000000001
separ	6.2700000000000005
second	6.230000000000001
track	6.220000000000001
watch	6.210000000000001
process	6.2
accrual	6.140000000000001
meet	6.1
plaid	6.1
capac	6.0
delet	5.960000000000001
sensit	5.960000000000001
count	5.94
shop	5.94
diseas	5.880000000000001
bodi	5.87
creation	5.83
standard	5.779999999999999
level	5.73
blanket	5.7299999999999995
grant	5.72
slide	5.68
sheet	5.659999999999999
amend	5.58
submit	5.5600000000000005
head	5.56
tree	5.550000000000001
amazon	5.53
stage	5.52
session	5.51
driver	5.5
outstand	5.4399999999999995
articl	5.43
collect	5.35
earn	5.33
industri	5.32
gross	5.300000000000001
complaint	5.3
fertil	5.29
suppli	5.26
pull	5.25
slot	5.23
function	5.23
notif	5.2
scale	5.2
addit	5.16
featur	5.12
purpos	5.12
disburs	5.069999999999999
referr	5.010000000000001
mute	4.99
cashier	4.989999999999999
file	4.949999999999999
return	4.829999999999999
bonu	4.82
yearli	4.81
float	4.800000000000001
consult	4.780000000000001
write	4.7700000000000005
land	4.75
antibiot	4.699999999999999
sanction	4.69
delay	4.68
weather	4.640000000000001
valuat	4.63
agreement	4.62
export	4.6
expiri	4.6
grand	4.510000000000001
fix	4.49
parcel	4.38
warranti	4.370000000000001
employ	4.3500000000000005
enabl	4.31
strong	4.3
correctli	4.29
repair	4.26
deliv	4.25
percentag	4.25
defer	4.24
vital	4.22
success	4.21
pack	4.16
health	4.16
limit	4.15
expir	4.14
ad	4.14
proof	4.109999999999999
market	4.1000000000000005
declar	4.080000000000001
secret	4.07
renam	4.07
movement	4.04
durat	4.03
hous	4.0
left	3.99
gener	3.9800000000000004
insur	3.98
identif	3.95
respons	3.94
approv	3.94
check	3.9399999999999995
coupon	3.9199999999999995
gender	3.9
sync	3.9
resolut	3.89
financi	3.8899999999999997
trip	3.88
send	3.87
basil	3.85
plant	3.83
instal	3.82
publish	3.79
segment	3.79
control	3.7800000000000002
draw	3.78
phone	3.7799999999999994
donat	3.7700000000000005
modul	3.77
stand	3.7600000000000002
formula	3.7600000000000002
para	3.7600000000000002
primari	3.76
make	3.75
upload	3.75
textur	3.73
difficulti	3.71
retent	3.71
leaflet	3.68
consum	3.67
tariff	3.65
incent	3.63
loss	3.5900000000000003
gray	3.5700000000000003
abbr	3.5500000000000003
scheme	3.55
messag	3.54
mapper	3.5300000000000002
pick	3.53
explor	3.51
repli	3.4999999999999996
sign	3.4800000000000004
subject	3.4799999999999995
languag	3.4700000000000006
citi	3.47
reorder	3.4400000000000004
util	3.43
line	3.38
checklist	3.37
drug	3.3600000000000003
commiss	3.3499999999999996
subcontract	3.34
sent	3.3200000000000003
pleas	3.32
outgo	3.3
align	3.28
revalu	3.28
packag	3.2799999999999994
social	3.24
quick	3.2100000000000004
certifi	3.1999999999999997
owner	3.1900000000000004
unpaid	3.17
water	3.1599999999999997
select	3.1599999999999997
quantiti	3.1599999999999997
altern	3.1399999999999997
talli	3.1399999999999997
occup	3.1300000000000003
draft	3.13
author	3.13
assembl	3.1100000000000003
conform	3.11
calcul	3.0700000000000003
round	3.0700000000000003
school	3.0600000000000005
visibl	3.0500000000000003
submiss	3.0500000000000003
reject	3.0400000000000005
axi	3.0
global	3.0
fals	2.99
els	2.96
taxabl	2.9299999999999997
digest	2.9299999999999997
agenda	2.8899999999999997
particular	2.8499999999999996
small	2.8400000000000003
overdu	2.8100000000000005
singl	2.81
demo	2.8099999999999996
adjust	2.79
specif	2.78
mandatori	2.77
transport	2.76
index	2.7399999999999998
migrat	2.72
variabl	2.7199999999999998
weight	2.7
equiti	2.7
trial	2.6900000000000004
produc	2.67
doc	2.65
store	2.64
maintain	2.63
skip	2.6100000000000003
guarante	2.61
voic	2.58
hero	2.5700000000000003
setter	2.57
patch	2.55
like	2.5399999999999996
compensatori	2.5300000000000002
welcom	2.5300000000000002
appli	2.53
cycl	2.5100000000000002
semest	2.48
method	2.48
inventori	2.46
absent	2.45
quarterli	2.4400000000000004
calendar	2.44
credenti	2.43
board	2.43
today	2.42
twitter	2.4000000000000004
exampl	2.4
normal	2.3899999999999997
avail	2.38
height	2.38
sibl	2.37
registr	2.3600000000000003
remot	2.3600000000000003
consolid	2.3600000000000003
billabl	2.36
remind	2.3500000000000005
scrap	2.35
border	2.34
color	2.34
weekli	2.34
medium	2.34
comparison	2.33
newslett	2.3200000000000003
home	2.3
supp	2.3
preview	2.29
multi	2.2800000000000002
stop	2.2800000000000002
lower	2.2800000000000002
discharg	2.28
timelin	2.26
repeat	2.2500000000000004
princip	2.2399999999999998
threshold	2.23
accumul	2.23
fail	2.2
intern	2.1900000000000004
bulk	2.19
button	2.19
edit	2.18
mark	2.18
configur	2.16
revers	2.16
belong	2.1599999999999997
good	2.15
queu	2.15
vacanc	2.14
current	2.13
confirm	2.13
media	2.13
posit	2.13
object	2.1
urea	2.08
manual	2.08
load	2.07
seed	2.05
desktop	2.05
repres	2.04
auto	2.04
input	2.04
strength	2.04
exposur	2.04
inact	2.0300000000000002
merg	2.0300000000000002
interv	2.03
extern	2.02
icon	2.0199999999999996
sandbox	2.0
hold	1.99
fund	1.9700000000000002
symptom	1.9700000000000002
effici	1.97
panel	1.9699999999999998
local	1.94
token	1.9300000000000002
domain	1.9300000000000002
comment	1.93
pad	1.9100000000000001
week	1.8800000000000001
portal	1.88
frozen	1.8699999999999999
fetch	1.8599999999999999
mileston	1.8599999999999999
pickup	1.8599999999999999
indic	1.85
convert	1.84
info	1.84
contain	1.8399999999999999
integr	1.8299999999999998
script	1.8299999999999998
minut	1.8199999999999998
keyboard	1.81
alert	1.77
capit	1.7699999999999998
remitt	1.76
multipl	1.76
header	1.7599999999999998
food	1.7400000000000002
help	1.74
present	1.74
agent	1.74
overlap	1.73
requir	1.73
laptop	1.73
auditor	1.7299999999999998
debtor	1.7199999999999998
replac	1.71
blog	1.6900000000000002
redirect	1.69
valor	1.6899999999999997
odomet	1.68
menu	1.67
annual	1.67
cancel	1.67
defin	1.6600000000000001
money	1.6600000000000001
toggl	1.6500000000000001
login	1.6500000000000001
percent	1.6400000000000001
barcod	1.6400000000000001
interact	1.6400000000000001
shortag	1.63
basic	1.62
birth	1.61
bypass	1.61
profession	1.61
error	1.6
click	1.6
macro	1.6
licens	1.5899999999999999
display	1.57
checkout	1.57
password	1.5699999999999998
differ	1.56
divers	1.5599999999999998
accept	1.55
node	1.55
blue	1.55
pour	1.55
funnel	1.54
classif	1.54
attach	1.52
admit	1.51
recur	1.49
intang	1.48
samt	1.48
aphid	1.47
common	1.47
rais	1.47
edg	1.47
electron	1.4500000000000002
quot	1.45
mobil	1.45
place	1.45
itali	1.44
specifi	1.4300000000000002
dialog	1.4300000000000002
perform	1.4300000000000002
overridden	1.43
stale	1.43
birthday	1.43
procur	1.42
drive	1.4100000000000001
trash	1.41
emir	1.3900000000000001
chang	1.39
connect	1.39
softwar	1.38
franc	1.37
retail	1.36
datatyp	1.3599999999999999
uniqu	1.35
case	1.3499999999999999
consid	1.3499999999999999
original	1.34
given	1.3399999999999999
bear	1.33
compact	1.33
male	1.32
outward	1.3199999999999998
wind	1.31
develop	1.31
discuss	1.31
finish	1.3
actual	1.3
enter	1.28
resolv	1.28
paus	1.28
geometri	1.27
sender	1.27
penalti	1.27
aria	1.27
femal	1.2699999999999998
creditor	1.26
abbrevi	1.25
seller	1.25
particip	1.25
largo	1.25
gold	1.23
invalid	1.23
flex	1.23
tran	1.23
remov	1.22
ratio	1.22
portion	1.22
font	1.2100000000000002
farm	1.21
relat	1.21
variou	1.21
plate	1.2
composit	1.19
translat	1.19
codif	1.19
inter	1.17
measur	1.17
dynam	1.17
explos	1.17
provis	1.17
special	1.1600000000000001
till	1.16
placehold	1.16
insert	1.15
haircut	1.15
consumpt	1.1400000000000001
desk	1.14
sinc	1.14
intro	1.14
fulfil	1.1300000000000001
payer	1.1300000000000001
amen	1.13
graph	1.13
workflow	1.12
timezon	1.12
fraction	1.12
recruit	1.12
carri	1.1199999999999999
inquiri	1.1199999999999999
log	1.11
answer	1.11
tracker	1.1099999999999999
arab	1.1099999999999999
channel	1.1099999999999999
avatar	1.1099999999999999
timer	1.1
dict	1.0999999999999999
effect	1.0999999999999999
area	1.09
join	1.0899999999999999
dispatch	1.0899999999999999
selector	1.0899999999999999
handl	1.0899999999999999
html	1.08
origin	1.07
public	1.07
recipi	1.06
download	1.06
neg	1.05
remark	1.05
tube	1.05
restart	1.05
fuel	1.05
main	1.04
callback	1.04
numer	1.04
refresh	1.03
germani	1.03
yellow	1.02
seat	1.01
audit	1.01
distinct	1.0
guest	1.0
itinerari	1.0
sponsor	0.99
forecast	0.98
estim	0.98
provid	0.98
wyatt	0.97
garant	0.97
acquisit	0.96
privat	0.96
certain	0.95
grace	0.95
explod	0.9400000000000001
redempt	0.9400000000000001
tag	0.94
inn	0.94
experi	0.94
anteil	0.93
energi	0.9299999999999999
closur	0.9299999999999999
forum	0.9299999999999999
frequenc	0.92
union	0.92
engag	0.92
human	0.92
forward	0.92
subscrib	0.9199999999999999
comput	0.91
verifi	0.91
robe	0.91
automat	0.9099999999999999
extend	0.9000000000000001
recommend	0.9
loam	0.8999999999999999
indent	0.8999999999999999
overproduct	0.89
maximum	0.89
individu	0.8899999999999999
repack	0.88
chargeabl	0.88
drop	0.8799999999999999
size	0.8700000000000001
browser	0.87
entiti	0.8699999999999999
resign	0.8600000000000001
inlin	0.8600000000000001
rehab	0.8600000000000001
siren	0.8600000000000001
expect	0.8599999999999999
duplic	0.8400000000000001
secondari	0.84
star	0.84
rice	0.84
reconcil	0.8300000000000001
accru	0.8300000000000001
sequenc	0.8300000000000001
http	0.83
coordin	0.8200000000000001
popup	0.8200000000000001
contribut	0.82
clay	0.81
past	0.81
regular	0.81
blank	0.81
propos	0.81
instead	0.81
dislik	0.81
equip	0.81
backdat	0.8099999999999999
greater	0.8
exterior	0.8
research	0.8
feed	0.79
potenti	0.79
boot	0.79
longitud	0.78
konto	0.78
sonstig	0.78
technolog	0.77
toler	0.77
tuition	0.77
prospect	0.77
orden	0.77
footer	0.77
latitud	0.76
stripe	0.76
settl	0.75
deal	0.75
releas	0.75
previou	0.75
alt	0.74
self	0.74
fulli	0.73
oversea	0.73
payslip	0.73
mumbai	0.73
word	0.73
busi	0.73
greet	0.73
zusatzinform	0.73
power	0.72
redeem	0.72
unregist	0.72
physician	0.72
perpetu	0.72
string	0.71
partial	0.71
smooth	0.71
reschedul	0.71
cleanup	0.7000000000000001
deem	0.7
timestamp	0.7
forma	0.7
iban	0.7
inhalt	0.7
flexibl	0.7
clear	0.69
autom	0.69
screen	0.69
let	0.69
enhanc	0.69
pars	0.69
lose	0.68
transit	0.6799999999999999
sick	0.6799999999999999
row	0.67
telephoni	0.67
ford	0.67
biol	0.67
cumul	0.67
rent	0.67
unsav	0.67
entir	0.6699999999999999
andrew	0.6699999999999999
temporari	0.6699999999999999
payload	0.66
revenu	0.65
blood	0.65
paper	0.65
institut	0.65
miss	0.65
probat	0.65
demand	0.6499999999999999
detect	0.64
silt	0.64
improv	0.64
realiz	0.64
breadcrumb	0.64
upper	0.64
tour	0.63
assist	0.63
absolut	0.63
colleg	0.62
roll	0.62
emb	0.62
workday	0.62
portrait	0.61
vendor	0.61
refactor	0.61
site	0.61
unresolv	0.61
carousel	0.61
recalcul	0.6000000000000001
connector	0.6000000000000001
uppercas	0.6000000000000001
gift	0.6
sold	0.6
checkbox	0.5900000000000001
fake	0.59
grid	0.59
dispos	0.5800000000000001
cach	0.5800000000000001
pipelin	0.5800000000000001
short	0.5800000000000001
solid	0.5800000000000001
danger	0.58
coloni	0.58
holder	0.5700000000000001
endpoint	0.5700000000000001
prorat	0.5700000000000001
staff	0.5700000000000001
foundat	0.57
unclear	0.57
black	0.57
theme	0.57
clickabl	0.56
diagnos	0.56
unsubscrib	0.56
folio	0.56
regim	0.56
whitelist	0.5599999999999999
somewher	0.55
dist	0.55
west	0.55
physic	0.55
sand	0.54
wire	0.54
subtitl	0.54
involv	0.54
invit	0.54
resourc	0.54
assur	0.54
life	0.54
exhibit	0.53
distanc	0.53
authent	0.53
deprec	0.53
final	0.52
ticket	0.52
children	0.52
ongo	0.52
personnel	0.52
counti	0.52
behalf	0.52
perman	0.52
oldest	0.52
plu	0.51
dinner	0.51
split	0.51
begin	0.51
announc	0.51
ellipsi	0.51
inform	0.51
virtual	0.51
charact	0.5
central	0.5
dealer	0.5
twain	0.5
host	0.5
guatemala	0.5
machin	0.5
unmark	0.5
pesticid	0.49
treatment	0.49
seen	0.49
commerc	0.49
optim	0.49
favorit	0.48000000000000004
copi	0.48
justifi	0.48
fish	0.48
initi	0.48
jahr	0.48
forderungen	0.48
recover	0.48
buyer	0.48
core	0.47000000000000003
reset	0.47
dial	0.47
unavail	0.47
klar	0.47
reinstal	0.47
swift	0.46
elig	0.46
distributor	0.46
wizard	0.46
lean	0.46
look	0.46
season	0.46
resum	0.46
recal	0.46
clean	0.45999999999999996
path	0.45
partli	0.45
spreadsheet	0.45
tier	0.45
excis	0.45
stroke	0.45
char	0.45
anoth	0.45
station	0.44
thumbnail	0.44
cell	0.44
inelig	0.44
lang	0.44
rebuild	0.44
thank	0.44
singapor	0.44
background	0.44
casual	0.44
abl	0.44
appear	0.43000000000000005
prevent	0.43
deposit	0.43
syring	0.43
mayb	0.43
evalu	0.43
zero	0.43
futur	0.43
ration	0.43
exceed	0.43
render	0.43
squar	0.43
island	0.43
output	0.43
attempt	0.42000000000000004
true	0.42000000000000004
col	0.42000000000000004
breakfast	0.42
live	0.42
logo	0.42
survey	0.41000000000000003
cubic	0.41000000000000003
subcontractor	0.41000000000000003
abil	0.41000000000000003
liabil	0.41000000000000003
dolor	0.41
duti	0.41
white	0.41
usernam	0.41
basi	0.41
arabia	0.4
diam	0.4
hundr	0.4
usabl	0.4
gadget	0.4
exponenti	0.4
extra	0.4
client	0.4
key	0.4
badg	0.4
space	0.4
increment	0.4
saudi	0.39
gram	0.39
toolbar	0.39
toni	0.39
signatur	0.39
tart	0.39
cur	0.39
permit	0.39
use	0.39
byproduct	0.38
compound	0.38
associ	0.38
sunday	0.38
playlist	0.38
broke	0.38
version	0.38
folder	0.38
save	0.38
permanent	0.38
unternehmen	0.38
internet	0.38
trainer	0.38
caption	0.38
hardwar	0.37
underweight	0.37
overweight	0.37
obes	0.37
pass	0.37
love	0.37
smallest	0.37
visual	0.37
consider	0.37
molt	0.37
medico	0.37
kapit	0.37
spinner	0.37
picker	0.37
zoom	0.37
offic	0.36
women	0.36
temp	0.36
slick	0.36
unsign	0.36
circul	0.36
twice	0.36
personal	0.36
passiv	0.36
samsung	0.35
alway	0.35
pink	0.35
bur	0.35
tesla	0.35
insulin	0.34
german	0.34
cleaner	0.34
backup	0.34
dark	0.34
tile	0.34
job	0.34
foreign	0.33
contextu	0.33
unset	0.33
departur	0.33
photocopi	0.33
captur	0.32
nutrit	0.32
worri	0.32
maldiv	0.32
anonym	0.32
restlaufzeit	0.32
brake	0.32
occupi	0.32
hall	0.31
stud	0.31
surround	0.31
minim	0.31
wong	0.31
javier	0.31
subtot	0.31
provision	0.31
restructur	0.31
combin	0.31
arriv	0.31
earlier	0.3
fifo	0.3
eat	0.3
verbindlichkeiten	0.3
fluvial	0.3
await	0.3
deutschland	0.3
nepal	0.3
art	0.3
becom	0.3
chair	0.29
hundredweight	0.29
familiar	0.29
mahatma	0.29
gandhi	0.29
provinc	0.29
ahead	0.29
free	0.29
tourist	0.29
cabin	0.29
weekend	0.28
problem	0.28
conflict	0.28
built	0.28
exist	0.28
ring	0.28
lend	0.28
aggreg	0.28
previs	0.28
feather	0.28
math	0.27
implement	0.27
fiel	0.27
solut	0.27
breakup	0.27
offlin	0.27
previous	0.27
tradit	0.27
prepaid	0.27
ben	0.27
someth	0.27
equal	0.27
spacer	0.27
hello	0.27
retweet	0.27
yard	0.26
usual	0.26
quit	0.26
awesom	0.26
chri	0.26
cross	0.26
depositori	0.26
steam	0.26
bureau	0.26
okay	0.26
nicobar	0.26
direct	0.26
marin	0.26
patholog	0.25
microbiolog	0.25
jain	0.25
eddi	0.25
bench	0.25
ctrl	0.25
deni	0.25
truncat	0.25
resist	0.25
examin	0.25
meter	0.25
simpl	0.25
gain	0.25
thor	0.25
hulk	0.25
beneficiari	0.25
googl	0.25
terrain	0.25
dito	0.25
safe	0.25
strip	0.25
perm	0.25
sikkim	0.25
punjab	0.25
chandigarh	0.25
andaman	0.25
tamil	0.25
kashmir	0.25
gujarat	0.25
bengal	0.25
assam	0.25
hyphen	0.25
sandi	0.24
collar	0.24
bluetooth	0.24
acm	0.24
turbin	0.24
achiev	0.24
weekday	0.24
vacant	0.24
access	0.24
blogger	0.24
multilingu	0.24
fixer	0.24
collaps	0.24
box	0.24
expand	0.24
salut	0.24
delhi	0.24
inward	0.24
shirt	0.24
keyword	0.24
soni	0.23
galaxi	0.23
revok	0.23
street	0.23
probabl	0.23
push	0.23
middl	0.23
bound	0.23
reopen	0.23
written	0.23
denot	0.23
directli	0.23
statist	0.23
cyan	0.23
cursor	0.23
herr	0.23
spent	0.23
exploit	0.23
high	0.23
highli	0.23
match	0.23
singh	0.23
unclaim	0.23
slideshow	0.23
chain	0.23
maharashtra	0.23
empti	0.23
reload	0.22
headphon	0.22
simul	0.22
rail	0.22
pound	0.22
determin	0.22
tablet	0.22
marvel	0.22
meaning	0.22
onlin	0.22
introduc	0.22
light	0.22
pointer	0.22
nigeria	0.22
conrad	0.22
lain	0.22
duran	0.22
invest	0.22
latest	0.22
fleet	0.22
chassi	0.22
thread	0.22
minimum	0.22
scientif	0.21
twig	0.21
disc	0.21
studi	0.21
wage	0.21
urgent	0.21
supervisor	0.21
john	0.21
divis	0.21
stark	0.21
guid	0.21
safeti	0.21
withdraw	0.21
lago	0.21
iron	0.21
undon	0.21
debt	0.21
aufwendungen	0.21
repris	0.21
retri	0.21
filenam	0.21
moistur	0.21
unknown	0.2
road	0.2
alter	0.2
letterhead	0.2
compar	0.2
bearer	0.2
cover	0.2
continu	0.2
noth	0.2
fight	0.2
portfolio	0.2
undu	0.2
better	0.2
verif	0.2
went	0.2
intuit	0.2
simon	0.2
notic	0.2
mercado	0.2
court	0.2
prompt	0.2
carbon	0.2
queue	0.2
retir	0.2
radiu	0.2
wrapper	0.2
underscor	0.2
unlimit	0.2
simultan	0.2
need	0.2
straight	0.2
rest	0.19
modal	0.19
grey	0.19
prefer	0.19
thursday	0.19
wednesday	0.19
tuesday	0.19
friday	0.19
monday	0.19
saturday	0.19
later	0.19
dismiss	0.19
best	0.19
overrid	0.19
reorgan	0.19
stamp	0.19
fallback	0.19
devic	0.19
sure	0.19
freez	0.19
warn	0.19
rural	0.19
lieferungen	0.19
hondura	0.19
leas	0.19
underwrit	0.19
dear	0.19
frame	0.19
decor	0.19
append	0.19
legal	0.19
larg	0.19
dubai	0.19
overwrit	0.19
instanc	0.19
trim	0.18
presenc	0.18
accord	0.18
postcod	0.18
church	0.18
dedic	0.18
monetari	0.18
kontoinhab	0.18
haupt	0.18
