request	7.82
updat	3.5799999999999996
categori	3.29
issu	2.7300000000000004
processor	2.52
statu	2.52
group	2.3600000000000003
invoic	1.89
respons	1.67
user	1.52
resolut	1.46
templat	1.41
type	1.38
subscrib	1.34
mail	1.2799999999999998
select	1.17
asset	1.17
text	1.04
valid	0.92
known	0.85
confidenti	0.85
area	0.84
recommend	0.84
save	0.78
notic	0.73
rout	0.72
event	0.7
prioriti	0.65
messag	0.58
standard	0.56
project	0.54
coalesc	0.5
default	0.49
escal	0.48
exist	0.45999999999999996
chang	0.43000000000000005
string	0.42
prepar	0.41
folder	0.39
open	0.38
html	0.37
relat	0.36
model	0.35
action	0.34
line	0.33
result	0.33
join	0.33
copi	0.31
entri	0.31
info	0.31
close	0.29
multipart	0.29
abstract	0.27
pars	0.26
sale	0.25
left	0.25
process	0.25
client	0.24
product	0.24
unknown	0.23
unsubscrib	0.21
subject	0.2
tabl	0.2
evalu	0.2
logic	0.2
paramet	0.2
creat	0.19
error	0.19
order	0.19
count	0.19
