project	17.159999999999997
processor	4.29
phase	3.97
task	3.37
process	2.7199999999999998
type	2.51
categori	2.4299999999999997
member	2.34
abstract	2.05
line	2.0
order	1.9800000000000002
prepar	1.87
copi	1.84
statu	1.56
queu	1.55
issu	1.4300000000000002
price	1.4100000000000001
plan	1.36
model	1.2999999999999998
import	1.21
save	1.13
user	1.11
chang	1.03
class	1.0
group	1.0
select	0.8
coalesc	0.6799999999999999
consolid	0.62
gener	0.5900000000000001
close	0.53
initi	0.5
movement	0.48
expens	0.48
login	0.48
differ	0.43
revers	0.42
valid	0.41000000000000003
list	0.38
column	0.32
receipt	0.31
unknown	0.3
vendor	0.3
properti	0.29
creat	0.28
actual	0.27
paramet	0.26
precis	0.24
previous	0.23
parent	0.22
delet	0.22
currenc	0.21
commit	0.21
count	0.2
instanc	0.2
locat	0.2
error	0.2
product	0.19
dimens	0.19
attribut	0.18
document	0.18
log	0.18
