import	4.59
data	4.51
servic	4.300000000000001
object	3.89
self	3.8
backup	2.9899999999999998
menu	2.05
meta	2.0
export	1.8
access	1.77
admin	1.4
assist	1.22
configur	1.08
control	1.06
execut	1.06
restor	1.02
group	0.97
templat	0.96
permiss	0.92
thread	0.84
app	0.8200000000000001
success	0.78
uncheck	0.78
path	0.73
resourc	0.68
refresh	0.6599999999999999
download	0.6
pleas	0.59
role	0.59
local	0.5700000000000001
header	0.54
modul	0.54
common	0.54
bundl	0.52
static	0.52
repositori	0.52
mani	0.49
demo	0.48
file	0.45999999999999996
write	0.45999999999999996
imag	0.44
manag	0.43
field	0.41000000000000003
applic	0.41000000000000003
save	0.39
time	0.35
code	0.29
byte	0.29
relat	0.29
check	0.27
error	0.25
relationship	0.24
anonym	0.24
regist	0.23
sheet	0.23
load	0.22
delet	0.22
link	0.22
instal	0.21
sequenc	0.21
creat	0.21
messag	0.2
date	0.2
count	0.2
zone	0.2
model	0.2
server	0.19
scope	0.19
workbook	0.19
queri	0.19
width	0.18
boolean	0.18
