purchas	20.230000000000004
order	7.410000000000001
servic	6.53
product	2.54
request	2.11
self	1.77
price	1.6099999999999999
line	1.5599999999999998
catalog	1.52
discount	1.35
control	1.27
supplier	1.24
import	1.1800000000000002
repositori	1.1400000000000001
workflow	0.98
manag	0.94
configur	0.9099999999999999
print	0.8400000000000001
total	0.74
analysi	0.73
pour	0.73
copi	0.67
date	0.61
ship	0.59
modul	0.58
tool	0.54
valid	0.48
comput	0.47000000000000003
finish	0.45
gener	0.42000000000000004
save	0.41000000000000003
statu	0.36
merg	0.33
valu	0.29
pleas	0.27
select	0.25
partner	0.24
cart	0.24
unit	0.23
grid	0.22
equiv	0.21
compani	0.21
start	0.2
quotat	0.2
form	0.19
filter	0.19
true	0.19
domain	0.19
accept	0.18
account	0.18
