busi	9.490000000000002
order	6.670000000000001
oper	5.11
servic	5.06
product	4.430000000000001
control	2.96
valid	2.35
sale	1.04
workflow	0.97
invoic	0.8300000000000001
updat	0.81
propag	0.77
real	0.69
line	0.6699999999999999
alert	0.66
human	0.5900000000000001
project	0.57
comput	0.55
repositori	0.53
cost	0.53
continu	0.51
wait	0.5
prod	0.49
modul	0.47
pour	0.47
date	0.45
durat	0.44999999999999996
manag	0.43
gener	0.42
check	0.41000000000000003
self	0.41
want	0.41
wizard	0.39
sheet	0.38
messag	0.37
configur	0.33
ordr	0.32
resourc	0.31
start	0.28
ration	0.27
refus	0.23
copi	0.21
draft	0.19
cancel	0.19
