set	3.68
type	3.0899999999999994
applic	2.9
agreement	2.7699999999999996
transact	2.49
function	2.45
process	1.58
product	1.28
revers	1.07
import	1.05
version	1.0
attribut	0.86
abstract	0.8300000000000001
valid	0.8099999999999999
rate	0.74
account	0.67
line	0.64
valu	0.6399999999999999
acct	0.6200000000000001
financi	0.61
batch	0.59
delet	0.5800000000000001
approv	0.5700000000000001
instanc	0.57
categori	0.56
default	0.55
return	0.54
gener	0.54
paramet	0.52
close	0.52
load	0.48
accrual	0.47
unlock	0.45
reject	0.4
void	0.39
correct	0.37
save	0.33
class	0.31
string	0.27
previou	0.26
handler	0.24
null	0.23
document	0.22
currenc	0.21
model	0.2
standard	0.19
use	0.19
fact	0.19
updat	0.18
