messag	7.25
templat	2.5700000000000003
mail	2.56
servic	2.25
email	2.23
account	1.35
send	1.34
modul	1.23
self	1.13
fetch	1.08
configur	0.88
context	0.8500000000000001
model	0.77
address	0.65
regener	0.6499999999999999
repositori	0.62
uncheck	0.61
password	0.55
control	0.54
gener	0.51
manag	0.51
receptor	0.49
unit	0.46
pleas	0.44
target	0.43
executor	0.43
valid	0.38
comput	0.37
server	0.35
test	0.33
form	0.32
process	0.32
wizard	0.3
subject	0.27
total	0.26
copi	0.25
lower	0.25
media	0.25
queue	0.25
object	0.22
default	0.22
content	0.21
relat	0.21
select	0.2
maker	0.19
shut	0.19
true	0.18
