join	7.74
product	4.8500000000000005
left	2.98
tabl	2.88
window	2.7700000000000005
queue	2.49
element	2.46
migrat	2.3399999999999994
tip	1.7000000000000002
menu	1.6600000000000001
data	1.6
invoic	1.49
null	1.48
insert	1.47
column	1.4699999999999998
term	1.3599999999999999
categori	1.35
field	1.26
node	1.26
archiv	1.24
translat	1.2000000000000002
address	1.2
process	1.15
select	1.05
count	0.96
inventori	0.93
messag	0.92
order	0.87
stock	0.83
schedul	0.81
function	0.8099999999999999
print	0.75
payment	0.74
candid	0.74
locat	0.69
event	0.68
condit	0.6799999999999999
script	0.6499999999999999
union	0.6
delimit	0.5900000000000001
outbound	0.59
import	0.5800000000000001
dun	0.55
discount	0.54
list	0.54
know	0.53
request	0.52
exampl	0.48
document	0.48
convers	0.48
file	0.47
usernam	0.46
dictionari	0.44999999999999996
purchas	0.44
need	0.41000000000000003
break	0.41
entri	0.41
smart	0.4
export	0.38
flatrat	0.37
appli	0.37
grant	0.33
truncat	0.33
price	0.33
schema	0.32
helper	0.32
region	0.31
trim	0.31
valu	0.31
shipment	0.31
schemata	0.3
action	0.3
year	0.29
recomput	0.29
postal	0.28
rate	0.28
reopen	0.28
countri	0.27
header	0.27
correl	0.27
shoot	0.27
collect	0.27
section	0.26
public	0.26
transit	0.26
citi	0.26
refer	0.25
troubl	0.25
number	0.24
date	0.24
stammkund	0.24
constraint	0.24
support	0.24
partner	0.24
timestamp	0.23
overview	0.23
book	0.23
copi	0.23
user	0.23
templat	0.23
unprocess	0.22
processor	0.22
massiv	0.21
els	0.21
disk	0.21
block	0.21
version	0.21
zahlungseingang	0.2
return	0.2
default	0.2
anred	0.2
drop	0.2
cleanup	0.2
divid	0.2
super	0.2
multipli	0.2
abstract	0.2
sequenc	0.19
case	0.19
size	0.19
parent	0.19
languag	0.18
vari	0.18
easier	0.18
