alloc	1.09
select	1.0899999999999999
connect	1.04
payment	1.04
oracl	0.8999999999999999
remit	0.89
invoic	0.8899999999999999
day	0.79
product	0.76
order	0.75
account	0.74
sequenc	0.7
locat	0.64
currenc	0.53
term	0.51
discount	0.51
char	0.48
element	0.43
statement	0.42000000000000004
convers	0.4
client	0.36
month	0.34
document	0.33
schedul	0.32
requisit	0.31
sign	0.29
forecast	0.28
valu	0.28
schema	0.27
acct	0.26
rate	0.26
date	0.26
balanc	0.25
inner	0.23
attribut	0.22
properti	0.21
multipli	0.21
type	0.21
charg	0.21
default	0.2
valid	0.2
join	0.2
price	0.2
prepar	0.19
busi	0.19
cutoff	0.19
precis	0.19
