servic	4.45
data	3.17
report	2.64
sourc	2.35
column	1.99
statu	1.4300000000000002
extern	1.4000000000000001
model	1.34
field	1.31
valu	1.25
list	1.12
sale	1.05
lookup	1.01
processor	1.0
statement	1.0
startup	1.0
string	0.9199999999999999
close	0.85
file	0.8400000000000001
upper	0.74
pool	0.73
paramet	0.71
price	0.69
record	0.66
method	0.6599999999999999
jasper	0.65
filter	0.64
contribut	0.64
role	0.63
like	0.59
soap	0.58
info	0.5700000000000001
locat	0.5700000000000001
http	0.54
factori	0.54
queri	0.54
password	0.54
chang	0.53
version	0.51
need	0.5
product	0.5
font	0.49
process	0.49
class	0.48000000000000004
select	0.47
listen	0.46
catalog	0.45
style	0.45
user	0.45
resp	0.43
accept	0.43
view	0.43
custom	0.43
client	0.43
color	0.4
header	0.4
wrong	0.4
tabl	0.38
unabl	0.37
input	0.37
session	0.34
read	0.34
integ	0.32
credit	0.32
error	0.31
usernam	0.31
defin	0.3
compil	0.28
auto	0.28
result	0.27
postal	0.27
object	0.25
border	0.25
lang	0.25
action	0.25
output	0.24
schema	0.23
pars	0.23
phone	0.23
home	0.22
activ	0.22
famili	0.22
load	0.21
outer	0.21
date	0.21
render	0.21
accord	0.2
type	0.2
window	0.2
join	0.2
document	0.2
edit	0.19
correspond	0.19
execut	0.19
support	0.19
upload	0.19
warehous	0.19
log	0.19
lifetim	0.19
contact	0.19
inner	0.19
updat	0.18
fals	0.18
