window	4.98
imag	3.72
enlarg	2.7800000000000002
user	1.99
element	1.71
column	1.6700000000000002
blank	1.4
view	1.22
translat	1.19
field	1.13
filter	0.97
default	0.96
target	0.9
creat	0.8800000000000001
activ	0.87
elasticsearch	0.85
sort	0.85
enabl	0.8400000000000001
click	0.83
sequenc	0.76
order	0.74
price	0.72
delay	0.72
virtual	0.7
process	0.69
dictionari	0.65
line	0.65
deactiv	0.64
refer	0.6399999999999999
debug	0.62
quick	0.61
print	0.61
format	0.6
databas	0.5900000000000001
sortierung	0.57
migrat	0.57
color	0.57
instruct	0.56
menu	0.55
languag	0.55
expir	0.53
overview	0.53
script	0.52
document	0.52
pack	0.51
condit	0.51
minut	0.5
export	0.48
asset	0.47
action	0.47
tabl	0.46
want	0.45999999999999996
server	0.45
konfigurier	0.43
disabl	0.42
descend	0.41
mail	0.4
configur	0.39
sync	0.38
invoic	0.38
titl	0.37
discount	0.37
valu	0.37
search	0.36
quantiti	0.36
tab	0.35
identifi	0.34
email	0.34
timeout	0.33
excel	0.33
start	0.33
miss	0.33
video	0.32
address	0.32
display	0.32
guid	0.32
design	0.32
text	0.31
overrid	0.31
stone	0.31
mind	0.3
locat	0.29
chang	0.29
relat	0.29
like	0.29
sortiert	0.28
addit	0.28
central	0.28
copi	0.27
applic	0.27
object	0.27
queue	0.27
restart	0.27
fenstern	0.26
layout	0.26
corner	0.26
player	0.25
processor	0.25
data	0.25
swing	0.25
list	0.25
definit	0.24
issu	0.24
mainten	0.24
code	0.24
konfigurieren	0.22
widget	0.22
step	0.22
select	0.22
schema	0.22
tree	0.21
link	0.21
entri	0.21
asynchron	0.2
ascend	0.2
send	0.2
sourc	0.19
make	0.19
java	0.19
zeigen	0.19
busi	0.18
log	0.18
respect	0.18
statement	0.18
enter	0.18
abbr	0.18
