project	9.89
task	5.609999999999999
servic	4.82
team	4.65
templat	3.94
timer	2.1
repositori	1.73
manag	1.18
script	1.1300000000000001
member	0.9
modul	0.82
control	0.77
main	0.74
gener	0.7000000000000001
plan	0.59
durat	0.58
progress	0.56
static	0.54
bootstrap	0.48
form	0.48
comput	0.47000000000000003
code	0.46
grid	0.46
parent	0.45
self	0.44
configur	0.42
forc	0.36
manifest	0.35
uniqu	0.33
pleas	0.32
alreadi	0.31
bound	0.31
provid	0.3
partner	0.28
hour	0.28
start	0.28
true	0.27
use	0.26
anonym	0.24
filter	0.23
import	0.23
field	0.23
stop	0.21
messag	0.21
synchron	0.19
save	0.19
asset	0.18
copi	0.18
normal	0.18
loop	0.18
