class	5.800000000000001
expedit	4.26
action	0.96
shipment	0.96
batch	0.8899999999999999
core	0.75
project	0.72
classifi	0.69
year	0.6499999999999999
self	0.63
product	0.6
templat	0.54
null	0.53
date	0.51
search	0.51
total	0.49
input	0.48
join	0.48
list	0.45
check	0.42
valid	0.31
link	0.3
contact	0.3
format	0.29
count	0.29
stock	0.27
login	0.26
begin	0.25
left	0.25
group	0.24
error	0.24
label	0.22
block	0.21
tabl	0.21
span	0.21
allow	0.21
deliveri	0.21
valu	0.2
select	0.19
access	0.19
month	0.19
center	0.19
note	0.18
size	0.18
remov	0.18
