produkt	22.599999999999994
price	19.309999999999995
auftrag	19.27
partner	17.040000000000003
product	16.529999999999998
fenster	15.599999999999998
import	15.119999999999997
sale	12.52
order	12.150000000000002
busi	12.120000000000003
abbr	11.73
menu	11.08
beleg	10.939999999999998
data	9.290000000000001
document	8.930000000000001
nutzer	8.24
automatisch	8.21
feld	7.880000000000004
importieren	7.739999999999999
aktion	7.6400000000000015
contract	7.17
invoic	6.77
discount	6.58
bestellung	6.540000000000002
vertrag	6.46
erstellen	6.440000000000001
rechnung	6.380000000000001
schema	6.369999999999999
list	6.15
hinwei	6.000000000000001
credit	5.97
klick	5.920000000000003
erfassen	5.820000000000002
group	5.630000000000001
neue	5.620000000000001
user	5.54
dun	5.390000000000001
anlegen	5.19
asset	5.02
action	4.9799999999999995
commiss	4.91
daten	4.780000000000001
preis	4.6899999999999995
pick	4.63
preislist	4.619999999999999
outbound	4.57
vertriebspartn	4.5200000000000005
phone	4.46
note	4.420000000000001
compens	4.37
mail	3.97
email	3.97
lager	3.73
format	3.6900000000000004
text	3.5999999999999996
workflow	3.58
preissystem	3.5500000000000003
tour	3.5300000000000002
market	3.53
purchas	3.4799999999999995
propos	3.41
custom	3.4000000000000004
erfassung	3.4
ausgehend	3.3899999999999997
warehous	3.3600000000000003
ship	3.32
open	3.310000000000001
limit	3.29
unit	3.28
quick	3.2399999999999998
erweitert	3.2199999999999998
rabatt	3.19
ausschreibung	3.1799999999999997
letter	3.0799999999999996
kannst	3.0400000000000005
prei	3.01
schritt	2.9500000000000006
schedul	2.9299999999999997
window	2.920000000000001
vertragsbedingungen	2.88
empti	2.87
versand	2.86
neuer	2.85
handl	2.8
enter	2.8
entri	2.7899999999999996
kunden	2.77
angebot	2.76
findest	2.7300000000000004
pack	2.69
notif	2.6300000000000003
freigab	2.63
spalt	2.6100000000000003
anruf	2.6000000000000005
sequenc	2.5999999999999996
datum	2.58
campaign	2.5500000000000003
record	2.51
overlay	2.5
filter	2.4800000000000004
quotat	2.4099999999999997
counter	2.38
shipper	2.38
vendor	2.38
einstellen	2.28
lieferanten	2.27
currenc	2.27
organis	2.23
assign	2.2
lege	2.17
line	2.17
revers	2.17
gutschrift	2.15
serial	2.15
gehe	2.14
advanc	2.13
kampagn	2.1
passwort	2.1
payment	2.0999999999999996
starten	2.0900000000000003
field	2.0799999999999996
categori	2.05
address	2.04
catch	2.02
neuen	2.01
number	1.9899999999999998
belegnumm	1.9699999999999998
eintrag	1.9300000000000002
view	1.93
adress	1.92
kopieren	1.9000000000000001
kategori	1.9
kontakt	1.8900000000000001
definieren	1.89
stornieren	1.86
approv	1.85
inventori	1.8499999999999999
textbaustein	1.83
plattform	1.83
erfass	1.8299999999999998
weight	1.82
importierten	1.8199999999999998
sidebar	1.8199999999999998
password	1.77
liefer	1.76
alloc	1.7599999999999998
attach	1.7499999999999998
mahnbrief	1.74
click	1.7199999999999998
rechnungen	1.7099999999999997
aktivieren	1.7
organ	1.7
file	1.6999999999999997
materi	1.69
switch	1.6800000000000002
term	1.6800000000000002
kund	1.68
versandkosten	1.67
einrichtung	1.65
search	1.65
automat	1.64
export	1.64
memo	1.6300000000000001
edit	1.6300000000000001
postal	1.6300000000000001
configur	1.6099999999999999
contractu	1.6
titl	1.5999999999999999
iban	1.58
cost	1.5799999999999998
promot	1.57
rate	1.55
trage	1.54
benachrichtigung	1.5299999999999998
activ	1.52
languag	1.5099999999999998
beschreibung	1.5
shipment	1.5
checkup	1.48
calendar	1.4700000000000002
return	1.47
area	1.46
belegen	1.45
beispiel	1.45
subsequ	1.45
instruct	1.44
role	1.4300000000000002
manuel	1.4200000000000002
termin	1.3900000000000001
lieferschein	1.38
inventur	1.37
meng	1.3699999999999999
datensatz	1.3599999999999999
benutzerdefiniert	1.33
einrichten	1.32
attribut	1.32
defin	1.32
time	1.3199999999999998
url	1.31
replenish	1.3
version	1.3
produktionsauftrag	1.2999999999999998
zeilen	1.28
zuordnung	1.28
widget	1.28
specif	1.28
void	1.28
complet	1.27
bank	1.26
platform	1.26
project	1.26
server	1.2599999999999998
kalend	1.24
wareneingang	1.24
statu	1.24
exportieren	1.23
jump	1.22
produktbeschreibung	1.21
druckformat	1.21
lesezeichen	1.21
provis	1.2000000000000002
select	1.19
token	1.1800000000000002
dateneingab	1.18
bookmark	1.18
section	1.18
lieferung	1.17
setup	1.17
account	1.16
quantiti	1.16
opportun	1.15
clone	1.15
print	1.15
depot	1.15
boilerpl	1.15
erstel	1.13
receiv	1.13
manufactur	1.13
springen	1.12
code	1.12
delet	1.11
good	1.1099999999999999
creat	1.1
mahnung	1.09
translat	1.07
anfordern	1.06
clever	1.06
shortcut	1.05
entfernen	1.04
drucken	1.03
zuweisung	1.03
map	1.03
span	1.03
receipt	1.03
sprach	1.01
checkbox	1.01
chang	1.01
ausschreibungen	1.0
projekt	1.0
zone	1.0
start	1.0
klonen	0.99
gener	0.99
contain	0.99
deliveri	0.99
shop	0.98
featur	0.97
differ	0.96
condit	0.95
recipi	0.94
statement	0.93
datei	0.9199999999999999
trial	0.9199999999999999
echtzeit	0.91
plu	0.91
annahm	0.9099999999999999
erstellt	0.89
dateien	0.89
kennzeichen	0.89
zoom	0.89
dokument	0.87
googl	0.87
generieren	0.8600000000000001
preisdifferenz	0.86
contact	0.86
dateneingaben	0.8500000000000001
grundlagen	0.85
zuweisen	0.8400000000000001
vorlag	0.8400000000000001
einstellungen	0.8400000000000001
context	0.84
storno	0.8300000000000001
tastenkombin	0.83
mobil	0.83
aktionen	0.8200000000000001
zahlung	0.8200000000000001
erscheinen	0.81
dashboard	0.81
aktualisieren	0.8099999999999999
frachtkosten	0.8
stornierten	0.79
tastatur	0.79
angezeigt	0.79
region	0.79
reach	0.79
liegt	0.78
freigegeben	0.78
basic	0.78
send	0.78
intern	0.77
vorgang	0.76
aktivier	0.75
setz	0.75
relat	0.75
ausgehenden	0.74
editieren	0.74
smtp	0.74
templat	0.74
sektionen	0.73
dispos	0.73
transformieren	0.72
network	0.72
funktion	0.71
mau	0.71
point	0.71
benutzerdefinierten	0.7
einzeln	0.7
regeln	0.7
versu	0.7
phase	0.7
nummerierung	0.69
gewicht	0.69
postalisch	0.69
period	0.69
richt	0.68
mandanten	0.68
incom	0.68
zugriff	0.6799999999999999
color	0.6799999999999999
festprei	0.6699999999999999
gelten	0.66
packag	0.6599999999999999
bestimmt	0.65
steuersatz	0.65
countri	0.65
request	0.65
mass	0.65
filtern	0.64
jeweiligen	0.64
hast	0.64
stell	0.64
exampl	0.64
autorisierten	0.63
roll	0.63
transport	0.63
overview	0.63
step	0.63
date	0.63
buchungen	0.62
bestimmten	0.62
rout	0.62
debit	0.62
page	0.62
unload	0.62
inhalt	0.6100000000000001
gutschriften	0.61
einkauf	0.61
authent	0.61
weis	0.6000000000000001
respons	0.6000000000000001
erzeugt	0.6
anschrift	0.6
konzept	0.5900000000000001
fertiggestellt	0.5900000000000001
remov	0.5900000000000001
meet	0.59
chart	0.59
nummernfolgen	0.58
real	0.57
balanc	0.57
zeitzon	0.56
tage	0.56
pictur	0.56
descript	0.56
subscript	0.56
type	0.56
kredit	0.55
kurzfristig	0.55
settlement	0.55
arbeitspaket	0.54
mengen	0.54
reparaturauftrag	0.54
geklont	0.54
festlegen	0.54
fremdsprachig	0.54
anmeldung	0.53
aktiv	0.53
preisgestaltung	0.53
eindeutig	0.53
liefern	0.53
usernam	0.53
freight	0.53
sprachen	0.52
verwalten	0.52
synchronisieren	0.52
gespeichert	0.52
adjust	0.52
promis	0.52
singl	0.52
postleitzahl	0.51
gebind	0.51
sonderangebot	0.51
foto	0.51
qualiti	0.51
grundlag	0.5
erhalten	0.5
ansehen	0.5
verbuchten	0.5
match	0.5
concept	0.5
keyboard	0.5
nachbestellung	0.49
umrechnung	0.49
style	0.49
paus	0.49
wizard	0.49
zeil	0.48000000000000004
verzeichni	0.48
anhang	0.48
zugesagt	0.48
zusammensetzung	0.48
auswahl	0.48
abgeglichen	0.48
postalischen	0.48
sinnvollen	0.47000000000000003
fertigstellung	0.47000000000000003
fehlermeldung	0.47
anzeigen	0.47
save	0.47
place	0.47
konten	0.46
datentyp	0.46
sent	0.46
client	0.46
label	0.46
distribut	0.46
permiss	0.45999999999999996
day	0.45999999999999996
nummern	0.45
uhrzeit	0.45
konfigur	0.45
bestimm	0.45
lesen	0.45
script	0.45
manual	0.45
specifi	0.45
dedic	0.44999999999999996
individuel	0.44
samt	0.44
erteilten	0.44
editor	0.44
street	0.44
login	0.44
rechnungserstellung	0.43
empfangen	0.43
sektion	0.43
nein	0.43
stufe	0.43
servic	0.43
charg	0.43
avail	0.43
citi	0.43
geograph	0.43
stock	0.43
preview	0.43
rechnungsstellung	0.42000000000000004
viewer	0.42000000000000004
rabbit	0.42000000000000004
link	0.42000000000000004
selektieren	0.42
datenverwaltung	0.42
ziel	0.42
mengenrabatt	0.42
vertragsbedingung	0.42
retent	0.42
inform	0.42
corner	0.42
simpli	0.42
uniqu	0.42
ziffern	0.41000000000000003
jedoch	0.41000000000000003
anzahl	0.41000000000000003
buchhaltung	0.41000000000000003
zugewiesen	0.41000000000000003
wahrscheinlichkeit	0.41
verpackung	0.41
extend	0.41
access	0.41
manag	0.41
beacht	0.4
standardprei	0.4
zeitraum	0.4
zahlungseingang	0.4
smartphon	0.4
surcharg	0.4
tabel	0.39
eigenen	0.39
oben	0.39
erreicht	0.39
eigenschaften	0.39
siehst	0.39
treffer	0.39
dynamisch	0.39
vorgesehenen	0.39
stet	0.39
issu	0.39
navig	0.39
star	0.39
kundenspezifischen	0.38
speichern	0.38
verbindung	0.38
faktor	0.38
passenden	0.38
teil	0.38
grupp	0.38
queri	0.38
plan	0.38
pleas	0.38
anpassen	0.37
anrufen	0.37
speichert	0.37
entfernt	0.37
betreffend	0.37
verkauf	0.37
dienenden	0.37
target	0.37
beginn	0.37
refer	0.37
correct	0.37
statusmeldung	0.36
fehlgeschlagen	0.36
auftragsannahm	0.36
fertigstellen	0.36
wechseln	0.36
hochladen	0.36
short	0.36
block	0.36
ignorieren	0.35
seit	0.35
abholung	0.35
work	0.35
compon	0.35
composit	0.35
structur	0.35
zeichen	0.34
referenz	0.34
kontext	0.34
tick	0.34
current	0.34
tabl	0.34
rollen	0.33
kommentar	0.33
strawberri	0.33
foreign	0.33
deactiv	0.33
depend	0.33
sync	0.33
flat	0.33
struktur	0.32
benutz	0.32
eingabefenst	0.32
befehl	0.32
stammkund	0.32
input	0.32
deed	0.32
rule	0.32
fertiggestellten	0.31
postfach	0.31
zoomen	0.31
provisionsabrechnung	0.31
selektier	0.31
wurden	0.31
jahr	0.31
process	0.31
probabl	0.31
enabl	0.31
upload	0.31
hau	0.3
abmessungen	0.3
eingekauft	0.3
adapt	0.3
devic	0.3
copi	0.3
year	0.3
toggl	0.3
land	0.29
gruppen	0.29
fest	0.29
angefordert	0.29
ausgab	0.29
kilogram	0.29
explan	0.29
installier	0.28
sternchen	0.28
gesperrt	0.28
aufgab	0.28
aufschlag	0.28
teilnahm	0.28
felder	0.28
kampagnen	0.28
agreement	0.28
anoth	0.28
movement	0.28
forgot	0.28
arbeiten	0.27
rahmenbedingungen	0.27
senden	0.27
leist	0.27
artikel	0.27
mikrofon	0.27
kamera	0.27
verbucht	0.27
collect	0.27
item	0.27
count	0.27
charact	0.27
meld	0.26
zeitzonen	0.26
leeren	0.26
verifiziert	0.26
aufgaben	0.26
bilanz	0.26
forderungen	0.26
steuer	0.26
buchen	0.26
informationen	0.26
convert	0.26
transmiss	0.26
column	0.26
lose	0.26
like	0.26
transfer	0.26
anfang	0.25
dabei	0.25
mahnungen	0.25
kurz	0.25
vergib	0.25
datenzugriff	0.25
preisgrundlag	0.25
lagerung	0.25
verwend	0.25
bestandteil	0.25
erstellten	0.25
vereinfachen	0.25
spezifizierend	0.25
klein	0.25
geografischen	0.25
funktioniert	0.25
troubleshoot	0.25
fingertip	0.25
node	0.25
parent	0.25
betreuer	0.24
benachrichtigungen	0.24
werktag	0.24
nachschauen	0.24
zustellung	0.24
glich	0.24
kilogramm	0.24
erdbeeren	0.24
folg	0.24
markieren	0.24
wozu	0.24
bildschirm	0.24
anpasst	0.24
eigenschaft	0.24
fehler	0.24
chrome	0.24
benutzung	0.24
stufen	0.24
volum	0.24
district	0.24
brows	0.24
margin	0.24
want	0.24
task	0.24
verifi	0.24
grund	0.23
benennung	0.23
einfach	0.23
gerad	0.23
passt	0.23
erstellung	0.23
erzeugen	0.23
einzel	0.23
bestehenden	0.23
ausstehenden	0.23
sowi	0.23
enthalten	0.23
mark	0.23
result	0.23
maximum	0.23
therefor	0.23
post	0.23
initi	0.23
requir	0.23
unterbrechen	0.22
bedarf	0.22
gegeben	0.22
entwurf	0.22
deaktivier	0.22
prozess	0.22
daher	0.22
reservieren	0.22
erreichst	0.22
setzt	0.22
punkt	0.22
seriennummern	0.22
aufrufen	0.22
basierend	0.22
authentifizierung	0.22
vorhandenen	0.22
geeignet	0.22
gemeinsam	0.22
speziel	0.22
gesammelt	0.22
bereit	0.22
konto	0.22
convers	0.22
sourc	0.22
review	0.22
content	0.22
hold	0.22
namepl	0.22
hyperlink	0.22
physic	0.22
test	0.22
concern	0.22
consumpt	0.22
produc	0.22
abgeleitet	0.21
wahl	0.21
schalter	0.21
deaktivieren	0.21
zusag	0.21
absag	0.21
eingestellt	0.21
verbuchen	0.21
klone	0.21
vorerst	0.21
angewandt	0.21
horizontal	0.21
unteren	0.21
linken	0.21
eck	0.21
sperr	0.21
benenn	0.21
verwendet	0.21
ansicht	0.21
einsehen	0.21
asynchron	0.21
spalten	0.21
jederzeit	0.21
kontrollierten	0.21
auftragsbearbeitung	0.21
verwendung	0.21
logistik	0.21
telefon	0.21
provid	0.21
simultan	0.21
procedur	0.21
lie	0.21
candid	0.21
compani	0.21
instal	0.21
respect	0.21
bezirk	0.2
kleinschreibung	0.2
instanz	0.2
fortlaufend	0.2
dargestellt	0.2
inaktiv	0.2
cent	0.2
generierend	0.2
bezeichnung	0.2
recht	0.2
takeout	0.2
beweg	0.2
doppelt	0.2
verarbeitet	0.2
setzen	0.2
zeigt	0.2
benutzen	0.2
mess	0.2
aufwand	0.2
sollen	0.2
dokumenten	0.2
stehen	0.2
hierzu	0.2
websit	0.2
zahl	0.2
entscheidet	0.2
suchen	0.2
zusammenfassung	0.2
sieh	0.2
organisieren	0.2
notiz	0.2
sicher	0.2
piec	0.2
resend	0.2
fair	0.2
suffix	0.2
disrupt	0.2
indic	0.2
deriv	0.2
command	0.2
special	0.2
gemeind	0.19
versenden	0.19
bearbeiten	0.19
euro	0.19
komponent	0.19
namen	0.19
mithilf	0.19
konfiguriert	0.19
ausgewiesen	0.19
berechnet	0.19
ansichten	0.19
zahlungsweis	0.19
wochentag	0.19
transform	0.19
konfigurierbar	0.19
akquis	0.19
organisationen	0.19
best	0.19
gesuchten	0.19
einheit	0.19
definiert	0.19
vergeben	0.19
vollautomatisch	0.19
sehe	0.19
aussag	0.19
druck	0.19
erkennt	0.19
geschehen	0.19
denen	0.19
betreff	0.19
massen	0.19
trennzeichen	0.19
folgend	0.19
erlauben	0.19
betrag	0.19
hinzu	0.19
sponsor	0.19
konfigurieren	0.19
unversehrtheit	0.19
regel	0.19
normalfal	0.19
gelangen	0.19
bietet	0.19
hierarchi	0.19
lagerverwaltung	0.19
funktionen	0.19
carrier	0.19
sensit	0.19
aggreg	0.19
affix	0.19
accordingli	0.19
locat	0.19
enlarg	0.19
gyroscop	0.19
appear	0.19
swift	0.18
zahlungen	0.18
miteinand	0.18
baum	0.18
vorhanden	0.18
entspricht	0.18
erkennst	0.18
abzuwickeln	0.18
registrieren	0.18
maximal	0.18
bestimmung	0.18
nutzung	0.18
jeweil	0.18
systemkonfigur	0.18
browser	0.18
verfahren	0.18
direkt	0.18
mittel	0.18
allgemein	0.18
bestimmen	0.18
autorisiert	0.18
township	0.18
function	0.18
option	0.18
tree	0.18
element	0.18
base	0.18
photo	0.18
pend	0.18
make	0.18
