amort	7.060000000000001
loan	5.720000000000001
date	2.41
dun	2.3
invoic	1.89
agreement	1.52
process	1.4700000000000002
level	1.45
capit	1.29
select	1.2799999999999998
account	1.24
fee	1.22
import	1.07
gener	1.03
simul	0.9400000000000001
payment	0.8
transact	0.79
french	0.77
suspend	0.73
frequenc	0.68
abstract	0.65
split	0.65
rate	0.62
batch	0.56
provis	0.56
valid	0.56
open	0.56
target	0.5
paid	0.46
type	0.46
daili	0.42
currenc	0.4
instanc	0.39
action	0.38
cumul	0.34
prepay	0.34
calcul	0.3
line	0.29
grand	0.28
charg	0.28
fix	0.27
coalesc	0.27
month	0.26
day	0.25
current	0.25
delet	0.25
rule	0.25
bank	0.25
product	0.24
null	0.23
inner	0.22
valu	0.21
method	0.2
accrual	0.2
els	0.2
convers	0.2
total	0.19
join	0.19
updat	0.18
