product	17.48
order	12.73
tree	10.190000000000001
cost	9.04
factor	8.01
forecast	7.460000000000001
check	6.74
date	5.16
line	5.04
manufactur	4.8100000000000005
resourc	4.53
workflow	4.3999999999999995
process	4.2700000000000005
warehous	4.25
definit	3.98
creat	3.8799999999999994
node	3.75
cell	3.7199999999999998
action	3.5399999999999996
period	3.46
prepar	3.41
model	3.28
distribut	3.2699999999999996
valu	3.26
type	3.1799999999999997
import	3.12
element	3.05
path	2.7700000000000005
rule	2.4299999999999997
chang	2.33
durat	2.3
locat	2.3
gener	2.3
abstract	2.22
calcul	2.1700000000000004
worker	2.17
collector	2.13
movement	2.11
acct	2.08
instanc	1.9600000000000002
histori	1.95
select	1.92
schedul	1.89
standard	1.87
column	1.87
document	1.86
plan	1.84
join	1.84
attribut	1.8200000000000003
deliv	1.8
master	1.78
children	1.72
libero	1.67
delet	1.65
project	1.65
propag	1.65
copi	1.62
checkbox	1.5999999999999999
print	1.5899999999999999
promis	1.5899999999999999
frozen	1.58
load	1.5799999999999998
make	1.52
mode	1.52
inner	1.49
avail	1.44
absolut	1.42
enter	1.41
classif	1.41
level	1.39
gamma	1.2799999999999998
valid	1.27
properti	1.27
sale	1.27
client	1.25
error	1.24
materi	1.24
paramet	1.22
zoom	1.21
planner	1.21
compon	1.1900000000000002
requisit	1.19
event	1.1800000000000002
test	1.15
char	1.13
schema	1.1099999999999999
tabl	1.09
unknown	1.09
null	1.0899999999999999
data	1.0899999999999999
prioriti	1.07
tool	1.06
icon	1.06
listen	1.06
plant	1.05
posit	1.05
state	1.05
fact	1.02
record	1.0100000000000002
time	1.01
popup	1.01
dispos	1.0
result	1.0
mous	0.99
updat	0.98
exist	0.96
factori	0.9400000000000001
user	0.9400000000000001
merg	0.92
price	0.91
entri	0.9
handler	0.89
cash	0.88
notic	0.87
summari	0.87
confirm	0.86
chart	0.8300000000000001
exponenti	0.8200000000000001
balanc	0.82
command	0.81
engin	0.8
smooth	0.79
preserv	0.76
object	0.75
capac	0.75
number	0.75
target	0.74
multi	0.74
equal	0.72
scrap	0.71
work	0.7
window	0.68
cursor	0.68
align	0.68
wrapper	0.6799999999999999
transit	0.67
categori	0.66
start	0.66
implos	0.65
invoic	0.65
para	0.65
structur	0.64
file	0.6399999999999999
calendar	0.63
shipper	0.63
testabl	0.62
approv	0.62
perform	0.61
finish	0.6
mainten	0.5900000000000001
regress	0.5800000000000001
estim	0.5700000000000001
info	0.5700000000000001
descript	0.5700000000000001
diagram	0.57
wait	0.57
attach	0.57
text	0.56
size	0.55
handl	0.55
singl	0.55
margin	0.54
today	0.53
comment	0.52
lead	0.51
represent	0.5
refer	0.5
label	0.49
list	0.49
header	0.49
hand	0.48
success	0.48
assay	0.48
brows	0.48
count	0.47
demand	0.47
arm	0.47
sourc	0.46
complet	0.45999999999999996
map	0.45
pick	0.44
form	0.44
scale	0.44
suppli	0.44
allow	0.43000000000000005
match	0.42
currenc	0.42
expect	0.41000000000000003
batch	0.41000000000000003
virtual	0.41
year	0.41
actual	0.4
press	0.4
assert	0.39
revis	0.39
button	0.38
cach	0.37
timeout	0.37
packag	0.36
parent	0.36
background	0.36
true	0.35
execut	0.35
frame	0.34
printout	0.34
opaqu	0.34
network	0.34
explod	0.34
simpl	0.34
set	0.33
plain	0.33
read	0.32
string	0.32
convert	0.32
stroke	0.32
happen	0.32
swing	0.31
right	0.31
rais	0.31
white	0.31
home	0.3
build	0.3
letter	0.29
reason	0.29
group	0.29
slot	0.29
http	0.28
weight	0.28
configur	0.28
download	0.27
topic	0.27
cast	0.27
day	0.27
ignor	0.27
base	0.27
receiv	0.27
storag	0.27
ad	0.27
queu	0.27
directori	0.26
altern	0.26
leaf	0.26
root	0.26
limit	0.26
critic	0.26
payment	0.26
save	0.26
run	0.25
kilo	0.25
garden	0.25
naiv	0.25
phase	0.25
fenc	0.24
item	0.24
contain	0.24
messag	0.24
dump	0.24
left	0.24
deactiv	0.24
close	0.23
menu	0.23
center	0.23
spreadsheet	0.22
safeti	0.22
regard	0.22
issu	0.22
paint	0.22
interrupt	0.22
correct	0.22
insuffici	0.22
polynomi	0.22
tripl	0.22
templat	0.22
simul	0.22
hotspot	0.22
releas	0.22
ident	0.21
pad	0.21
depth	0.21
daili	0.21
dispatch	0.21
world	0.21
version	0.21
iter	0.21
unit	0.21
googl	0.2
hour	0.2
render	0.2
dialog	0.2
inventori	0.2
offset	0.2
multipli	0.2
cyclic	0.2
author	0.2
extens	0.19
statu	0.19
thread	0.19
format	0.19
pack	0.19
task	0.19
expir	0.19
expand	0.19
yield	0.18
percentag	0.18
method	0.18
search	0.18
