test	369.78999999999996
item	341.68
account	209.88000000000002
label	197.28
employe	166.82000000000005
hide	141.29000000000002
report	120.43
sale	113.57999999999998
allow	107.61
set	104.67000000000002
compani	103.97
student	102.49000000000001
loan	94.77
date	93.71000000000002
leav	90.39000000000001
custom	89.71999999999998
print	88.13000000000001
stock	87.8
filter	87.63000000000002
break	86.71
supplier	81.71000000000001
purchas	80.52
invoic	77.95
role	77.91
payment	77.19999999999999
type	74.66000000000003
patient	73.86
group	73.67999999999998
templat	73.37
entri	68.03
valu	65.79
order	64.11000000000001
link	63.47
salari	63.089999999999996
assess	62.38000000000001
ignor	60.47000000000001
search	59.790000000000006
asset	57.849999999999994
doc	56.839999999999996
project	55.8
cours	55.629999999999995
read	55.160000000000004
warehous	54.92
administr	53.75
modifi	51.86
user	50.7
class	49.97000000000001
qualiti	49.589999999999996
quotat	46.410000000000004
applic	45.49
option	44.72
chart	44.58999999999999
appoint	44.39999999999999
field	44.13000000000001
healthcar	43.83
width	43.47999999999999
materi	43.24
currenc	43.21
bank	42.96
plan	41.019999999999996
manufactur	41.01
task	40.93999999999999
email	40.85
program	40.839999999999996
attend	40.53000000000001
request	40.05
price	39.790000000000006
categori	38.5
address	37.790000000000006
rate	37.03000000000001
lead	37.01
section	36.7
work	34.65
mainten	34.57
depart	33.91
opportun	33.46
year	32.769999999999996
transact	32.63
medic	32.559999999999995
secur	32.36
term	32.199999999999996
statu	32.089999999999996
time	31.740000000000006
code	31.599999999999998
room	31.180000000000003
view	31.149999999999995
schedul	30.54
manual	30.29
total	29.96
rule	29.010000000000005
list	28.750000000000004
train	28.61
websit	28.570000000000004
expens	28.519999999999996
tax	28.059999999999995
cost	27.95
tool	27.849999999999994
default	27.5
deliveri	26.750000000000004
frapp	26.52
hotel	26.14
parent	25.71
parti	25.36
data	25.330000000000002
restaur	25.200000000000003
summari	25.189999999999998
product	24.79
card	24.38
fiscal	24.25
wise	24.17
academ	23.980000000000008
content	23.48
analysi	23.28
exempt	23.099999999999998
dashboard	22.9
batch	22.85
variant	22.689999999999998
permiss	22.65
subscript	22.449999999999996
issu	22.43
holiday	22.419999999999998
enrol	22.389999999999997
territori	22.29
therapi	22.2
educ	22.07
oper	21.67
payrol	21.460000000000004
inspect	20.73
open	20.73
claim	20.61
balanc	20.57
charg	20.25
membership	20.25
criteria	20.070000000000004
procedur	20.01
column	19.96
ledger	19.810000000000002
correct	19.130000000000003
voucher	19.1
period	19.0
topic	18.84
receiv	18.84
inpati	18.84
slip	18.82
execut	18.63
incom	18.59
index	18.45
serial	18.15
buy	18.15
practition	18.060000000000002
action	18.020000000000007
close	17.96
cart	17.94
share	17.880000000000003
receipt	17.71
structur	17.51
valid	17.450000000000003
unit	17.14
cash	17.009999999999994
human	16.880000000000006
center	16.79
record	16.740000000000002
sell	16.71
shift	16.439999999999998
style	16.42
note	16.409999999999997
workstat	16.389999999999997
contact	16.29
servic	16.200000000000003
result	16.169999999999998
quiz	16.16
grade	16.15
ship	16.15
region	16.14
donor	16.130000000000003
span	16.090000000000003
number	16.080000000000002
refer	16.07
activ	15.94
profit	15.91
brand	15.69
book	15.54
text	15.390000000000002
certif	15.370000000000001
discount	15.3
seri	15.26
document	15.209999999999999
feedback	15.19
format	15.18
flow	15.170000000000002
dimens	15.059999999999999
person	15.029999999999998
loyalti	14.93
creat	14.81
member	14.77
disabl	14.769999999999998
transfer	14.47
journal	14.420000000000002
compon	14.329999999999998
trend	14.320000000000002
lost	13.96
articl	13.88
assign	13.850000000000001
instructor	13.75
campaign	13.73
credit	13.64
design	13.600000000000001
video	13.57
depreci	13.43
page	13.3
locat	13.289999999999997
partner	13.229999999999999
depend	13.16
apprais	13.129999999999999
stat	13.06
vehicl	13.0
manag	13.0
import	12.97
prescript	12.910000000000002
monthli	12.91
day	12.830000000000002
titl	12.8
block	12.79
map	12.7
state	12.629999999999999
deduct	12.55
scorecard	12.46
volunt	12.39
base	12.379999999999999
exchang	12.32
contract	12.25
dosag	12.209999999999997
sampl	12.17
sharehold	12.13
benefit	12.05
form	12.010000000000002
agricultur	11.920000000000002
reconcili	11.91
advanc	11.84
step	11.83
context	11.8
guardian	11.74
offer	11.73
updat	11.670000000000002
chapter	11.65
attribut	11.600000000000001
paramet	11.39
event	11.280000000000001
goal	11.119999999999997
tabl	11.109999999999998
reason	11.070000000000002
complet	11.03
post	10.99
polici	10.980000000000002
countri	10.98
crop	10.96
regist	10.950000000000001
alloc	10.919999999999998
gratuiti	10.77
hidden	10.660000000000002
rout	10.639999999999999
travel	10.63
queri	10.610000000000001
team	10.58
setup	10.549999999999999
pledg	10.500000000000002
support	10.469999999999999
green	10.31
admiss	10.259999999999998
profil	10.16
skill	10.159999999999998
hour	10.149999999999999
soil	10.120000000000001
target	10.09
question	10.08
point	10.08
statement	10.070000000000002
histori	10.06
onboard	10.02
resourc	9.89
payabl	9.820000000000002
letter	9.790000000000001
gateway	9.78
score	9.739999999999998
repay	9.71
bundl	9.680000000000001
exercis	9.620000000000001
slab	9.6
sourc	9.57
orang	9.489999999999998
india	9.479999999999999
financ	9.44
reserv	9.430000000000001
daili	9.39
encount	9.39
mode	9.080000000000002
budget	9.05
clinic	9.040000000000001
right	9.010000000000002
sort	8.98
master	8.97
branch	8.95
staf	8.919999999999998
homepag	8.879999999999999
month	8.77
marketplac	8.71
organ	8.71
convers	8.66
renam	8.66
prioriti	8.64
child	8.629999999999999
shipment	8.58
fee	8.58
start	8.56
dun	8.530000000000001
level	8.4
imag	8.379999999999999
head	8.32
land	8.31
delet	8.260000000000002
descript	8.200000000000001
factor	8.17
valuat	8.1
withhold	8.049999999999999
return	8.04
prepar	7.970000000000001
downtim	7.919999999999998
visit	7.87
pend	7.8500000000000005
capac	7.85
diseas	7.830000000000001
introduct	7.82
rang	7.8100000000000005
debit	7.790000000000001
clearanc	7.6499999999999995
shortfal	7.61
promot	7.6000000000000005
properti	7.450000000000001
margin	7.380000000000001
review	7.380000000000001
submit	7.34
commun	7.339999999999999
grant	7.279999999999999
null	7.24
portal	7.180000000000001
paid	7.12
plaid	7.069999999999999
stage	7.029999999999999
root	7.000000000000001
diagnosi	6.99
integr	6.890000000000001
accrual	6.880000000000001
condit	6.84
export	6.84
varianc	6.830000000000001
session	6.83
progress	6.790000000000001
separ	6.760000000000001
amazon	6.76
use	6.74
distribut	6.739999999999999
creation	6.7
blanket	6.699999999999999
meet	6.68
mandat	6.660000000000001
fertil	6.63
sheet	6.579999999999999
amend	6.54
half	6.530000000000001
length	6.530000000000001
includ	6.51
defer	6.5
standard	6.499999999999999
shop	6.470000000000001
track	6.430000000000001
process	6.390000000000001
tree	6.280000000000001
breadcrumb	6.25
second	6.230000000000001
watch	6.210000000000001
outstand	6.109999999999999
notif	6.0200000000000005
complaint	6.02
gener	5.98
sensit	5.960000000000001
count	5.94
bodi	5.87
purpos	5.84
scale	5.83
collect	5.79
agreement	5.79
addit	5.76
cashier	5.749999999999999
referr	5.710000000000001
file	5.6899999999999995
warranti	5.6800000000000015
slide	5.68
disburs	5.669999999999999
featur	5.66
pull	5.61
limit	5.58
bonu	5.57
googl	5.53
driver	5.5
function	5.49
suppli	5.45
send	5.42
sync	5.38
fix	5.34
earn	5.33
industri	5.32
modul	5.32
gross	5.300000000000001
incent	5.27
slot	5.23
consum	5.21
write	5.2
expiri	5.119999999999999
donat	5.08
consult	5.040000000000001
employ	5.03
mute	4.99
antibiot	4.919999999999999
ad	4.88
proof	4.869999999999999
repair	4.859999999999999
weather	4.840000000000001
vital	4.84
health	4.83
instal	4.82
yearli	4.81
float	4.800000000000001
grand	4.760000000000001
languag	4.750000000000001
coupon	4.749999999999999
pack	4.720000000000001
sanction	4.69
delay	4.68
parcel	4.62
check	4.619999999999999
quantiti	4.57
insur	4.56
durat	4.550000000000001
sign	4.5
appli	4.49
deliv	4.47
trip	4.47
movement	4.46
upload	4.45
bulk	4.4399999999999995
percentag	4.43
social	4.42
screenshot	4.42
retent	4.41
global	4.41
respons	4.33
round	4.32
declar	4.310000000000001
enabl	4.31
outgo	4.31
strong	4.3
make	4.3
correctli	4.29
subcontract	4.279999999999999
secret	4.2700000000000005
reject	4.2700000000000005
assembl	4.25
success	4.21
pick	4.2
calcul	4.19
approv	4.18
expir	4.14
reorder	4.130000000000001
explor	4.13
resolut	4.11
visibl	4.11
domain	4.109999999999999
market	4.1000000000000005
select	4.1
plant	4.08
scheme	4.08
workflow	4.07
altern	4.069999999999999
draw	4.05
hous	4.0
formula	4.0
phone	3.9999999999999996
left	3.99
digest	3.9899999999999998
identif	3.95
repli	3.9399999999999995
subject	3.9399999999999995
quick	3.9300000000000006
textur	3.93
loss	3.9000000000000004
gender	3.9
current	3.9
financi	3.8899999999999997
citi	3.8800000000000003
newslett	3.8600000000000003
basil	3.85
messag	3.85
adjust	3.85
scrap	3.85
login	3.84
multi	3.83
button	3.83
inventori	3.8
publish	3.79
segment	3.79
control	3.7800000000000002
calendar	3.7800000000000002
script	3.7799999999999994
stand	3.7600000000000002
para	3.7600000000000002
primari	3.76
auto	3.75
revalu	3.7199999999999998
author	3.7199999999999998
difficulti	3.71
leaflet	3.68
conform	3.67
drug	3.66
tariff	3.65
owner	3.5800000000000005
gray	3.5700000000000003
line	3.56
abbr	3.5500000000000003
board	3.55
mapper	3.5300000000000002
submiss	3.5300000000000002
good	3.5
fetch	3.5
backup	3.46
maintain	3.45
util	3.43
remind	3.4200000000000004
store	3.41
comparison	3.4000000000000004
checklist	3.37
talli	3.3699999999999997
differ	3.3600000000000003
school	3.3500000000000005
commiss	3.3499999999999996
water	3.34
repeat	3.33
desk	3.33
sent	3.3200000000000003
equiti	3.3200000000000003
twitter	3.3200000000000003
pleas	3.32
guarante	3.29
align	3.28
packag	3.2799999999999994
credenti	3.24
produc	3.2
certifi	3.1999999999999997
mileston	3.1999999999999997
cycl	3.1700000000000004
unpaid	3.17
occup	3.1300000000000003
draft	3.13
emir	3.12
demo	3.1099999999999994
download	3.09
frozen	3.08
home	3.07
cancel	3.07
method	3.04
revers	3.04
compensatori	3.0200000000000005
axi	3.0
fals	2.99
specif	2.98
els	2.96
lower	2.96
weight	2.9400000000000004
taxabl	2.9299999999999997
edit	2.91
hero	2.89
agenda	2.8899999999999997
chang	2.88
particular	2.8499999999999996
desktop	2.8499999999999996
small	2.8400000000000003
translat	2.83
keyboard	2.8200000000000003
blog	2.8200000000000003
overdu	2.8100000000000005
singl	2.81
billabl	2.8
media	2.8
autom	2.8
password	2.79
merg	2.7800000000000002
mandatori	2.77
comment	2.77
transport	2.76
migrat	2.72
variabl	2.7199999999999998
discharg	2.6999999999999997
trial	2.6900000000000004
color	2.6599999999999997
capit	2.6499999999999995
exampl	2.6399999999999997
today	2.63
skip	2.6100000000000003
threshold	2.61
avail	2.6
voic	2.58
funnel	2.58
setter	2.57
stop	2.5600000000000005
patch	2.55
like	2.5399999999999996
welcom	2.5300000000000002
local	2.53
semest	2.48
preview	2.47
absent	2.45
quarterli	2.4400000000000004
vacanc	2.41
attach	2.41
recur	2.39
normal	2.3899999999999997
height	2.38
sibl	2.37
registr	2.3600000000000003
remot	2.3600000000000003
consolid	2.3600000000000003
mark	2.3600000000000003
configur	2.3600000000000003
enter	2.35
belong	2.3499999999999996
border	2.34
weekli	2.34
medium	2.34
menu	2.34
confirm	2.33
multipl	2.31
supp	2.3
inter	2.3
hold	2.28
timelin	2.26
interv	2.26
drive	2.25
princip	2.2399999999999998
accumul	2.23
fail	2.2
requir	2.2
intern	2.1900000000000004
emb	2.19
restrict	2.18
tag	2.1799999999999997
queu	2.15
perpetu	2.1399999999999997
posit	2.13
consumpt	2.13
indic	2.12
finish	2.1100000000000003
redirect	2.11
object	2.1
stale	2.1
fraction	2.09
urea	2.08
load	2.07
seed	2.05
franc	2.05
repres	2.04
input	2.04
strength	2.04
exposur	2.04
procur	2.04
inact	2.0300000000000002
contain	2.03
replac	2.03
extern	2.02
convert	2.02
icon	2.0199999999999996
sandbox	2.0
fund	1.9700000000000002
symptom	1.9700000000000002
effici	1.97
panel	1.9699999999999998
alert	1.95
token	1.9300000000000002
click	1.9300000000000002
pad	1.9100000000000001
debtor	1.9099999999999997
recruit	1.8900000000000001
week	1.8800000000000001
percent	1.8800000000000001
itali	1.88
checkout	1.87
pickup	1.8599999999999999
liabil	1.8599999999999999
barcod	1.85
info	1.84
minut	1.8199999999999998
place	1.81
past	1.8
connect	1.79
farm	1.79
common	1.78
remitt	1.76
header	1.7599999999999998
food	1.7400000000000002
help	1.74
present	1.74
agent	1.74
overlap	1.73
laptop	1.73
forecast	1.73
auditor	1.7299999999999998
energi	1.7
site	1.6999999999999997
valor	1.6899999999999997
germani	1.6800000000000002
repack	1.6800000000000002
odomet	1.68
annual	1.67
birthday	1.67
defin	1.6600000000000001
money	1.6600000000000001
toggl	1.6500000000000001
numer	1.65
flexibl	1.65
interact	1.6400000000000001
develop	1.6400000000000001
measur	1.64
tracker	1.64
shortag	1.63
basic	1.62
birth	1.61
bypass	1.61
profession	1.61
error	1.6
macro	1.6
dynam	1.5999999999999999
drop	1.5999999999999999
retail	1.59
licens	1.5899999999999999
display	1.57
provid	1.56
duplic	1.56
divers	1.5599999999999998
case	1.5599999999999998
accept	1.55
node	1.55
blue	1.55
pour	1.55
log	1.55
classif	1.54
admit	1.51
arab	1.4899999999999998
theme	1.4899999999999998
save	1.4899999999999998
intang	1.48
samt	1.48
aphid	1.47
rais	1.47
edg	1.47
codif	1.47
sender	1.46
regul	1.46
electron	1.4500000000000002
quot	1.45
mobil	1.45
remov	1.45
relat	1.44
tube	1.44
specifi	1.4300000000000002
dialog	1.4300000000000002
perform	1.4300000000000002
http	1.4300000000000002
overridden	1.43
trash	1.41
origin	1.3800000000000001
softwar	1.38
stripe	1.38
datatyp	1.3599999999999999
uniqu	1.35
maximum	1.35
consid	1.3499999999999999
intro	1.3499999999999999
original	1.34
given	1.3399999999999999
channel	1.3399999999999999
subscrib	1.3399999999999999
bear	1.33
compact	1.33
champion	1.33
male	1.32
accru	1.32
outward	1.3199999999999998
wind	1.31
discuss	1.31
timer	1.31
actual	1.3
revenu	1.3
carri	1.2999999999999998
contribut	1.29
resolv	1.28
paus	1.28
geometri	1.27
penalti	1.27
aria	1.27
freez	1.27
femal	1.2699999999999998
creditor	1.26
perm	1.26
abbrevi	1.25
seller	1.25
particip	1.25
largo	1.25
busi	1.25
chat	1.24
gold	1.23
invalid	1.23
flex	1.23
tran	1.23
itinerari	1.23
ratio	1.22
portion	1.22
experi	1.22
font	1.2100000000000002
variou	1.21
explod	1.2000000000000002
version	1.2000000000000002
plate	1.2
certain	1.2
composit	1.19
size	1.1800000000000002
privat	1.18
explos	1.17
provis	1.17
special	1.1600000000000001
till	1.16
placehold	1.16
aim	1.16
insert	1.15
haircut	1.15
acquisit	1.15
signatur	1.15
sinc	1.14
fulfil	1.1300000000000001
payer	1.1300000000000001
amen	1.13
graph	1.13
grace	1.13
timezon	1.12
inquiri	1.1199999999999999
answer	1.11
avatar	1.1099999999999999
examin	1.1
dict	1.0999999999999999
effect	1.0999999999999999
area	1.09
join	1.0899999999999999
dispatch	1.0899999999999999
selector	1.0899999999999999
handl	1.0899999999999999
html	1.08
prospect	1.08
public	1.07
smooth	1.0699999999999998
recipi	1.06
neg	1.05
remark	1.05
restart	1.05
fuel	1.05
previou	1.05
main	1.04
callback	1.04
mumbai	1.04
ticket	1.04
abl	1.04
refresh	1.03
yellow	1.02
final	1.02
banner	1.02
dropbox	1.02
seat	1.01
audit	1.01
access	1.01
distinct	1.0
guest	1.0
popup	1.0
host	1.0
sponsor	0.99
estim	0.98
authent	0.98
wyatt	0.97
garant	0.97
fleet	0.96
friday	0.96
razor	0.96
chain	0.95
redempt	0.9400000000000001
inn	0.94
anteil	0.93
closur	0.9299999999999999
forum	0.9299999999999999
frequenc	0.92
union	0.92
engag	0.92
forward	0.92
comput	0.91
verifi	0.91
robe	0.91
automat	0.9099999999999999
extend	0.9000000000000001
recommend	0.9
institut	0.9
loam	0.8999999999999999
indent	0.8999999999999999
reschedul	0.8999999999999999
temporari	0.8999999999999999
regim	0.8900000000000001
overproduct	0.89
shortcut	0.89
collabor	0.89
ldap	0.89
individu	0.8899999999999999
copi	0.8899999999999999
chargeabl	0.88
cumul	0.8700000000000001
browser	0.87
recover	0.87
entiti	0.8699999999999999
resign	0.8600000000000001
inlin	0.8600000000000001
rehab	0.8600000000000001
siren	0.8600000000000001
pipelin	0.8600000000000001
expect	0.8599999999999999
overrid	0.8500000000000001
evalu	0.8400000000000001
secondari	0.84
star	0.84
rice	0.84
commerc	0.84
reconcil	0.8300000000000001
sequenc	0.8300000000000001
coordin	0.8200000000000001
clay	0.81
regular	0.81
blank	0.81
propos	0.81
instead	0.81
dislik	0.81
equip	0.81
hospit	0.81
backdat	0.8099999999999999
greater	0.8
exterior	0.8
research	0.8
gain	0.8
feed	0.79
potenti	0.79
boot	0.79
longitud	0.78
konto	0.78
sonstig	0.78
distanc	0.78
machin	0.78
technolog	0.77
toler	0.77
tuition	0.77
orden	0.77
footer	0.77
letterhead	0.77
restor	0.77
latitud	0.76
virtual	0.76
implement	0.76
settl	0.75
deal	0.75
releas	0.75
invit	0.75
optim	0.75
alt	0.74
self	0.74
unsubscrib	0.74
logo	0.74
fulli	0.73
oversea	0.73
payslip	0.73
word	0.73
greet	0.73
zusatzinform	0.73
usernam	0.73
power	0.72
redeem	0.72
unregist	0.72
physician	0.72
spreadsheet	0.72
precis	0.72
string	0.71
partial	0.71
inform	0.71
reset	0.71
cleanup	0.7000000000000001
deem	0.7
timestamp	0.7
forma	0.7
iban	0.7
inhalt	0.7
overwrit	0.7
clear	0.69
screen	0.69
let	0.69
enhanc	0.69
pars	0.69
immut	0.69
lose	0.68
transit	0.6799999999999999
sick	0.6799999999999999
live	0.6799999999999999
row	0.67
telephoni	0.67
ford	0.67
biol	0.67
rent	0.67
unsav	0.67
entir	0.6699999999999999
andrew	0.6699999999999999
initi	0.6699999999999999
payload	0.66
distributor	0.66
zero	0.66
server	0.6599999999999999
blood	0.65
paper	0.65
miss	0.65
probat	0.65
captur	0.65
demand	0.6499999999999999
detect	0.64
silt	0.64
improv	0.64
realiz	0.64
upper	0.64
need	0.64
follow	0.64
free	0.6399999999999999
tour	0.63
assist	0.63
absolut	0.63
hundr	0.63
colleg	0.62
roll	0.62
workday	0.62
exponenti	0.62
rest	0.62
want	0.62
builder	0.6100000000000001
portrait	0.61
vendor	0.61
refactor	0.61
unresolv	0.61
carousel	0.61
recalcul	0.6000000000000001
connector	0.6000000000000001
uppercas	0.6000000000000001
key	0.6000000000000001
gift	0.6
sold	0.6
checkbox	0.5900000000000001
fake	0.59
grid	0.59
dispos	0.5800000000000001
cach	0.5800000000000001
short	0.5800000000000001
solid	0.5800000000000001
client	0.5800000000000001
danger	0.58
coloni	0.58
holder	0.5700000000000001
endpoint	0.5700000000000001
prorat	0.5700000000000001
staff	0.5700000000000001
job	0.5700000000000001
tourist	0.5700000000000001
excel	0.5700000000000001
foundat	0.57
unclear	0.57
black	0.57
meta	0.57
clickabl	0.56
diagnos	0.56
folio	0.56
whitelist	0.5599999999999999
somewher	0.55
dist	0.55
west	0.55
physic	0.55
foreign	0.55
sand	0.54
wire	0.54
subtitl	0.54
involv	0.54
assur	0.54
life	0.54
tradit	0.54
sidebar	0.54
exhibit	0.53
deprec	0.53
familiar	0.53
retain	0.53
children	0.52
ongo	0.52
personnel	0.52
counti	0.52
behalf	0.52
perman	0.52
oldest	0.52
someth	0.52
cover	0.52
plu	0.51
dinner	0.51
split	0.51
begin	0.51
announc	0.51
ellipsi	0.51
chair	0.51
easili	0.51
charact	0.5
central	0.5
dealer	0.5
twain	0.5
guatemala	0.5
unmark	0.5
bench	0.5
pesticid	0.49
treatment	0.49
seen	0.49
reopen	0.49
devic	0.49
carrot	0.49
favorit	0.48000000000000004
verif	0.48000000000000004
justifi	0.48
fish	0.48
jahr	0.48
forderungen	0.48
buyer	0.48
slideshow	0.48
easi	0.48
core	0.47000000000000003
dial	0.47
unavail	0.47
klar	0.47
reinstal	0.47
diagram	0.47
realm	0.47
inbox	0.47
swift	0.46
elig	0.46
wizard	0.46
lean	0.46
look	0.46
season	0.46
resum	0.46
recal	0.46
clean	0.45999999999999996
shirt	0.45999999999999996
path	0.45
partli	0.45
tier	0.45
excis	0.45
stroke	0.45
char	0.45
anoth	0.45
maharashtra	0.45
blogger	0.44999999999999996
station	0.44
thumbnail	0.44
cell	0.44
inelig	0.44
lang	0.44
rebuild	0.44
thank	0.44
singapor	0.44
background	0.44
casual	0.44
obtain	0.44
pharmaci	0.44
shown	0.44
advisor	0.44
appear	0.43000000000000005
prevent	0.43
deposit	0.43
syring	0.43
mayb	0.43
futur	0.43
ration	0.43
exceed	0.43
render	0.43
squar	0.43
island	0.43
output	0.43
synchron	0.43
prefix	0.43
slack	0.43
attempt	0.42000000000000004
true	0.42000000000000004
col	0.42000000000000004
written	0.42000000000000004
punch	0.42000000000000004
breakfast	0.42
withdraw	0.42
survey	0.41000000000000003
cubic	0.41000000000000003
subcontractor	0.41000000000000003
abil	0.41000000000000003
stream	0.41000000000000003
dolor	0.41
duti	0.41
white	0.41
basi	0.41
arabia	0.4
diam	0.4
usabl	0.4
gadget	0.4
extra	0.4
badg	0.4
space	0.4
increment	0.4
simplifi	0.4
navig	0.4
exam	0.4
saudi	0.39
gram	0.39
toolbar	0.39
toni	0.39
tart	0.39
cur	0.39
permit	0.39
compar	0.39
conduct	0.39
byproduct	0.38
compound	0.38
associ	0.38
sunday	0.38
playlist	0.38
broke	0.38
folder	0.38
permanent	0.38
unternehmen	0.38
internet	0.38
trainer	0.38
caption	0.38
larg	0.38
mysor	0.38
hardwar	0.37
underweight	0.37
overweight	0.37
obes	0.37
pass	0.37
love	0.37
smallest	0.37
visual	0.37
consider	0.37
molt	0.37
medico	0.37
kapit	0.37
spinner	0.37
picker	0.37
zoom	0.37
concept	0.37
platform	0.37
protocol	0.37
bangalor	0.37
printer	0.37
decim	0.37
offic	0.36
women	0.36
temp	0.36
slick	0.36
unsign	0.36
circul	0.36
twice	0.36
personal	0.36
passiv	0.36
world	0.36
samsung	0.35
alway	0.35
pink	0.35
bur	0.35
tesla	0.35
averag	0.35
insulin	0.34
german	0.34
cleaner	0.34
dark	0.34
tile	0.34
strategi	0.34
bucket	0.34
contextu	0.33
unset	0.33
departur	0.33
photocopi	0.33
enterpris	0.33
nutrit	0.32
worri	0.32
maldiv	0.32
anonym	0.32
restlaufzeit	0.32
brake	0.32
occupi	0.32
statutori	0.32
hall	0.31
stud	0.31
surround	0.31
minim	0.31
wong	0.31
javier	0.31
subtot	0.31
provision	0.31
restructur	0.31
combin	0.31
arriv	0.31
serv	0.31
earlier	0.3
fifo	0.3
eat	0.3
verbindlichkeiten	0.3
fluvial	0.3
await	0.3
deutschland	0.3
nepal	0.3
art	0.3
becom	0.3
waiter	0.3
japan	0.3
categor	0.3
mama	0.3
hundredweight	0.29
mahatma	0.29
gandhi	0.29
provinc	0.29
ahead	0.29
cabin	0.29
phase	0.29
overal	0.29
way	0.29
tailor	0.29
smartphon	0.29
weekend	0.28
problem	0.28
conflict	0.28
built	0.28
exist	0.28
ring	0.28
lend	0.28
aggreg	0.28
previs	0.28
feather	0.28
command	0.28
math	0.27
fiel	0.27
solut	0.27
breakup	0.27
offlin	0.27
previous	0.27
prepaid	0.27
ben	0.27
equal	0.27
spacer	0.27
hello	0.27
retweet	0.27
fairli	0.27
tray	0.27
yard	0.26
usual	0.26
quit	0.26
awesom	0.26
chri	0.26
cross	0.26
depositori	0.26
steam	0.26
bureau	0.26
okay	0.26
nicobar	0.26
direct	0.26
marin	0.26
window	0.26
modern	0.26
byte	0.26
reflect	0.26
codifi	0.26
patholog	0.25
microbiolog	0.25
jain	0.25
eddi	0.25
ctrl	0.25
deni	0.25
truncat	0.25
resist	0.25
meter	0.25
simpl	0.25
thor	0.25
hulk	0.25
beneficiari	0.25
terrain	0.25
dito	0.25
safe	0.25
strip	0.25
sikkim	0.25
punjab	0.25
chandigarh	0.25
andaman	0.25
tamil	0.25
kashmir	0.25
gujarat	0.25
bengal	0.25
assam	0.25
hyphen	0.25
observ	0.25
britannia	0.25
timeout	0.25
dummi	0.25
sandi	0.24
collar	0.24
bluetooth	0.24
acm	0.24
turbin	0.24
achiev	0.24
weekday	0.24
vacant	0.24
multilingu	0.24
fixer	0.24
collaps	0.24
box	0.24
expand	0.24
salut	0.24
delhi	0.24
inward	0.24
keyword	0.24
freeli	0.24
applet	0.24
deepli	0.24
fall	0.24
carrier	0.24
kilo	0.24
soni	0.23
galaxi	0.23
revok	0.23
street	0.23
probabl	0.23
push	0.23
middl	0.23
bound	0.23
denot	0.23
directli	0.23
statist	0.23
cyan	0.23
cursor	0.23
herr	0.23
spent	0.23
exploit	0.23
high	0.23
highli	0.23
match	0.23
singh	0.23
unclaim	0.23
empti	0.23
pertain	0.23
learn	0.23
facil	0.23
easier	0.23
stakehold	0.23
encrypt	0.23
end	0.23
compliant	0.23
reload	0.22
headphon	0.22
simul	0.22
rail	0.22
pound	0.22
determin	0.22
tablet	0.22
marvel	0.22
meaning	0.22
onlin	0.22
introduc	0.22
light	0.22
pointer	0.22
nigeria	0.22
conrad	0.22
lain	0.22
duran	0.22
invest	0.22
latest	0.22
chassi	0.22
thread	0.22
minimum	0.22
static	0.22
scan	0.22
scientif	0.21
twig	0.21
disc	0.21
studi	0.21
wage	0.21
urgent	0.21
supervisor	0.21
john	0.21
divis	0.21
stark	0.21
guid	0.21
safeti	0.21
lago	0.21
iron	0.21
undon	0.21
debt	0.21
aufwendungen	0.21
repris	0.21
retri	0.21
filenam	0.21
moistur	0.21
cake	0.21
unknown	0.2
road	0.2
alter	0.2
bearer	0.2
continu	0.2
noth	0.2
fight	0.2
portfolio	0.2
undu	0.2
better	0.2
went	0.2
intuit	0.2
simon	0.2
notic	0.2
mercado	0.2
court	0.2
prompt	0.2
carbon	0.2
queue	0.2
retir	0.2
radiu	0.2
wrapper	0.2
underscor	0.2
unlimit	0.2
simultan	0.2
straight	0.2
know	0.2
thousand	0.2
happen	0.2
creator	0.2
spanish	0.2
televis	0.2
wooden	0.2
modal	0.19
grey	0.19
prefer	0.19
thursday	0.19
wednesday	0.19
tuesday	0.19
monday	0.19
saturday	0.19
later	0.19
dismiss	0.19
best	0.19
reorgan	0.19
stamp	0.19
fallback	0.19
sure	0.19
warn	0.19
rural	0.19
lieferungen	0.19
hondura	0.19
leas	0.19
underwrit	0.19
dear	0.19
frame	0.19
decor	0.19
append	0.19
legal	0.19
dubai	0.19
instanc	0.19
weed	0.19
chemic	0.19
seven	0.19
resiz	0.19
peopl	0.19
lectur	0.19
scienc	0.19
proforma	0.19
withheld	0.19
framework	0.19
steve	0.19
cloud	0.19
broken	0.19
refund	0.19
trim	0.18
presenc	0.18
accord	0.18
postcod	0.18
church	0.18
dedic	0.18
monetari	0.18
kontoinhab	0.18
haupt	0.18
nurtur	0.18
heart	0.18
waybil	0.18
wood	0.18
