sale	22.92
servic	11.46
order	11.23
creator	5.1
comput	2.95
formula	2.9499999999999997
advanc	2.7800000000000002
import	2.66
repositori	2.54
opportun	2.4400000000000004
control	2.08
payment	1.99
margin	1.7699999999999998
mani	1.57
self	1.41
price	1.3900000000000001
line	1.34
configur	1.2999999999999998
indic	1.15
total	1.0899999999999999
discount	1.0499999999999998
print	0.93
workflow	0.8700000000000001
analysi	0.85
address	0.77
pour	0.74
block	0.74
turnov	0.69
date	0.6699999999999999
partner	0.6699999999999999
statu	0.66
creat	0.6499999999999999
copi	0.62
product	0.6000000000000001
modul	0.55
tool	0.55
listen	0.53
select	0.51
email	0.51
gener	0.49
batch	0.47
rest	0.45
attribut	0.43
proforma	0.41000000000000003
script	0.4
cancel	0.39
save	0.37
forc	0.36
persist	0.36
confirm	0.36
manag	0.35
groovi	0.34
relat	0.34
wizard	0.28
file	0.27
true	0.27
data	0.26
client	0.25
subtot	0.25
start	0.23
form	0.23
cost	0.23
domain	0.22
equiv	0.22
app	0.22
calcul	0.21
height	0.21
updat	0.2
templat	0.2
post	0.2
quotat	0.2
countri	0.19
refresh	0.19
grid	0.19
pack	0.19
account	0.19
pleas	0.18
