cost	1.61
visit	1.5299999999999998
valu	1.23
document	1.1
locat	1.1
price	0.96
discount	0.85
strong	0.82
home	0.79
licens	0.73
directori	0.67
model	0.65
exampl	0.65
scenario	0.62
match	0.5800000000000001
test	0.56
code	0.55
file	0.53
reserv	0.52
inventori	0.5
revers	0.49
list	0.49
packag	0.48
creat	0.43
minut	0.42000000000000004
invoic	0.42
libero	0.41
base	0.4
public	0.4
smart	0.38
product	0.38
user	0.37
order	0.37
initi	0.33
read	0.32
return	0.32
integ	0.32
properti	0.31
credit	0.3
extend	0.29
coalesc	0.28
level	0.28
regist	0.27
access	0.27
uniqu	0.26
target	0.26
dual	0.26
line	0.25
storag	0.25
patch	0.24
payment	0.24
save	0.24
login	0.23
browser	0.22
engin	0.22
actual	0.22
uncheck	0.22
process	0.22
script	0.21
schema	0.21
movement	0.21
join	0.21
outer	0.2
area	0.2
tracker	0.19
copi	0.19
assert	0.19
type	0.19
hand	0.19
java	0.19
