product	18.810000000000002
servic	18.209999999999997
order	11.850000000000001
prod	9.649999999999999
materi	8.08
cost	7.25
stock	6.640000000000001
repositori	6.36
line	5.46
self	4.24
control	4.04
sheet	3.9699999999999998
unit	3.7199999999999998
process	3.58
forecast	3.2199999999999998
manag	3.12
date	3.0
oper	2.99
consum	2.63
comput	2.62
gener	2.3400000000000003
requir	2.25
weekli	2.23
valuat	2.09
sale	1.95
copi	1.88
charg	1.75
wizard	1.73
plan	1.72
print	1.6099999999999999
hour	1.59
batch	1.5299999999999998
price	1.4700000000000002
calcul	1.44
schedul	1.42
configur	1.4
start	1.2899999999999998
machin	1.2799999999999998
timezon	1.24
import	1.22
creator	1.18
month	1.16
locat	1.15
uncheck	1.03
progress	1.01
total	0.9600000000000001
manufactur	0.95
finish	0.8899999999999999
work	0.87
origin	0.87
save	0.86
purchas	0.8300000000000001
grid	0.8200000000000001
capac	0.8200000000000001
cycl	0.8
count	0.74
form	0.71
durat	0.7
propos	0.69
formula	0.69
modul	0.66
real	0.6399999999999999
popup	0.5900000000000001
check	0.54
updat	0.53
creat	0.52
workflow	0.5
tool	0.49
parent	0.49
rule	0.46
filter	0.45
merg	0.45
statu	0.45
level	0.44
miss	0.44
condit	0.43
tree	0.42000000000000004
local	0.41000000000000003
fals	0.39
produc	0.38
expir	0.36
select	0.36
meta	0.34
digit	0.33
sequenc	0.29
attribut	0.29
build	0.28
quantiti	0.28
remov	0.27
decim	0.27
week	0.27
time	0.26
center	0.26
model	0.26
outsourc	0.25
tax	0.24
wast	0.24
version	0.24
valu	0.23
pleas	0.23
confirm	0.23
matur	0.23
data	0.22
demo	0.21
custom	0.21
stand	0.21
estim	0.21
code	0.2
prioriti	0.19
stop	0.19
indirect	0.19
class	0.19
relat	0.19
partner	0.19
