servic	37.23999999999999
import	21.03
control	15.32
self	14.559999999999999
base	10.280000000000001
file	10.209999999999999
repositori	9.59
address	8.8
bank	8.24
gener	7.81
partner	7.11
batch	6.720000000000001
compani	6.659999999999999
product	5.840000000000001
export	5.77
print	5.720000000000001
templat	5.51
uncheck	5.11
advanc	5.09
event	4.4799999999999995
currenc	4.23
meta	4.2
demo	3.92
convers	3.8900000000000006
mail	3.8800000000000003
calendar	3.71
field	3.71
date	3.7099999999999995
global	3.66
data	3.5100000000000007
excel	3.4600000000000004
messag	3.4399999999999995
sequenc	3.43
alarm	3.37
report	3.36
factori	3.31
comput	3.18
model	3.1499999999999995
period	3.13
code	3.1
price	3.0900000000000003
email	3.05
user	2.9800000000000004
analysi	2.93
track	2.7699999999999996
wizard	2.7399999999999998
citi	2.69
year	2.68
indic	2.59
list	2.52
check	2.3899999999999997
durat	2.33
reader	2.3
configur	2.29
mani	2.25
line	2.21
rest	2.19
plan	2.18
copi	2.17
rate	2.17
task	2.07
password	2.01
path	1.98
convert	1.94
frequenc	1.9200000000000002
object	1.87
valid	1.8199999999999998
updat	1.7799999999999998
variant	1.7599999999999998
trade	1.74
manag	1.69
timer	1.67
sheet	1.61
select	1.6099999999999999
multipl	1.5899999999999999
fiscal	1.56
engin	1.54
test	1.52
weekli	1.52
team	1.51
true	1.46
remind	1.46
search	1.46
pictur	1.45
lower	1.43
time	1.36
timezon	1.32
synchron	1.27
process	1.26
request	1.25
modul	1.24
catalog	1.24
action	1.23
situat	1.21
duplic	1.18
set	1.13
barcod	1.13
account	1.12
listen	1.1099999999999999
save	1.08
posit	1.08
context	1.07
anomali	1.06
local	1.05
thread	1.04
observ	1.02
serial	1.0
type	0.99
initi	0.97
guest	0.9400000000000001
peopl	0.93
prepar	0.9299999999999999
phone	0.91
clean	0.91
today	0.89
appli	0.89
execut	0.8899999999999999
unit	0.8800000000000001
contact	0.8799999999999999
block	0.87
bean	0.86
directori	0.8500000000000001
histori	0.85
group	0.8200000000000001
valu	0.8200000000000001
audit	0.8
write	0.8
strategi	0.8
start	0.79
discount	0.79
workspac	0.79
associ	0.79
default	0.78
embed	0.77
interceptor	0.76
creat	0.76
error	0.75
supplier	0.74
multi	0.73
adjust	0.73
tool	0.73
char	0.71
week	0.7
style	0.68
popul	0.67
abstract	0.67
prospect	0.66
permiss	0.66
variat	0.6599999999999999
script	0.65
attende	0.65
sync	0.65
digit	0.63
statu	0.63
holiday	0.63
domain	0.62
invalid	0.62
remov	0.61
properti	0.6000000000000001
receptor	0.6
googl	0.5900000000000001
countri	0.59
clear	0.59
number	0.5800000000000001
close	0.58
store	0.56
queri	0.56
extern	0.54
hibern	0.54
writer	0.54
footer	0.53
text	0.52
maker	0.52
summari	0.51
reset	0.51
prioriti	0.5
alpha	0.5
tracker	0.5
math	0.5
width	0.5
ratio	0.5
result	0.48
pattern	0.47
titl	0.47
book	0.47
public	0.47
entiti	0.46
minut	0.46
worth	0.46
gray	0.46
fixer	0.45
day	0.44999999999999996
activ	0.44
null	0.43000000000000005
log	0.43
express	0.42
criteria	0.41000000000000003
refresh	0.41
common	0.41
ship	0.41
server	0.4
pleas	0.39
transact	0.39
client	0.39
make	0.39
java	0.39
split	0.39
attach	0.38
enhanc	0.38
increment	0.38
bodi	0.38
success	0.38
random	0.37
equiv	0.37
departur	0.37
connect	0.36
hidden	0.36
header	0.36
match	0.35
collect	0.35
coeffici	0.35
arriv	0.35
appropri	0.35
role	0.33
fail	0.33
respons	0.33
work	0.32
read	0.32
direct	0.31
respect	0.31
total	0.31
regist	0.3
oper	0.3
session	0.3
lang	0.3
special	0.29
upper	0.29
driver	0.29
limit	0.29
bit	0.29
join	0.29
color	0.28
disconnect	0.28
everi	0.28
final	0.28
tabl	0.28
fix	0.27
post	0.27
month	0.27
count	0.27
string	0.27
timeout	0.27
align	0.27
deleg	0.26
modifi	0.26
launch	0.26
target	0.26
dirti	0.26
refer	0.26
lancer	0.26
decim	0.25
thursday	0.25
wednesday	0.25
tuesday	0.25
friday	0.25
monday	0.25
saturday	0.25
help	0.25
cell	0.25
logo	0.24
output	0.24
languag	0.24
dump	0.24
busi	0.24
complet	0.24
sunday	0.24
longitud	0.24
latitud	0.24
menu	0.23
archiv	0.23
custom	0.23
sent	0.23
quartz	0.22
certifi	0.22
signal	0.22
parent	0.22
long	0.22
item	0.22
download	0.22
pad	0.22
handler	0.22
children	0.21
follow	0.21
flush	0.21
map	0.21
stop	0.21
aztec	0.21
column	0.2
pick	0.2
avail	0.2
imag	0.2
left	0.2
deliveri	0.19
orang	0.19
sort	0.19
grid	0.19
delet	0.19
tree	0.19
handl	0.19
class	0.19
version	0.19
draft	0.19
mode	0.18
applic	0.18
modif	0.18
like	0.18
sale	0.18
extract	0.18
label	0.18
