lang	16.42
hierarch	11.83
page	11.370000000000001
index	10.72
site	6.95
collect	4.13
issu	2.85
ground	2.7199999999999998
includ	2.1599999999999997
document	1.9899999999999998
glossari	1.58
guid	1.56
instal	1.46
build	1.44
jasper	1.29
develop	1.25
rest	1.18
layout	1.11
releas	0.8700000000000001
dictionari	0.77
report	0.76
group	0.71
setup	0.6699999999999999
artifact	0.64
tutori	0.61
anleitung	0.5800000000000001
test	0.58
master	0.56
branch	0.54
troubleshoot	0.53
contributor	0.53
archiv	0.48
java	0.45999999999999996
vertic	0.42
seit	0.4
glossar	0.4
case	0.39
applic	0.38
support	0.38
sung	0.36
verb	0.36
partit	0.34
tabl	0.33
vergebenen	0.32
legaci	0.32
snapshot	0.32
featur	0.3
script	0.29
innerhalb	0.27
seiten	0.26
tag	0.26
dokument	0.26
bash	0.26
grep	0.25
zugeordnet	0.25
betreffenden	0.25
level	0.25
maven	0.25
version	0.24
root	0.23
mehrer	0.23
actual	0.22
resourc	0.22
file	0.22
latest	0.22
scenario	0.21
fresh	0.21
alreadi	0.2
contain	0.2
data	0.2
model	0.2
record	0.19
individu	0.19
everyon	0.19
downstream	0.18
prefac	0.18
