contain	3.81
request	2.4400000000000004
broadcast	2.1100000000000003
media	1.94
project	1.8599999999999999
tree	1.6099999999999999
cach	1.6099999999999999
redirect	1.58
index	1.41
accept	1.23
templat	1.21
client	1.16
languag	1.08
post	1.05
chat	1.0
text	1.0
session	0.99
domain	0.97
process	0.95
countri	0.94
local	0.9
element	0.89
user	0.83
attribut	0.8
extend	0.77
fatal	0.74
search	0.72
default	0.69
debug	0.68
commun	0.67
forward	0.65
server	0.64
error	0.58
append	0.58
counter	0.56
size	0.54
stage	0.53
role	0.52
logger	0.51
agent	0.51
illeg	0.49
item	0.44
activ	0.39
analyz	0.38
confidenti	0.38
remov	0.36
handl	0.35
admin	0.35
handler	0.35
order	0.35
intern	0.34
unknown	0.32
destroy	0.29
prioriti	0.28
store	0.27
access	0.27
clean	0.26
children	0.26
key	0.25
rel	0.25
list	0.25
paramet	0.25
mode	0.24
class	0.23
replac	0.23
type	0.23
date	0.21
invoic	0.21
clear	0.2
ad	0.2
shift	0.2
servic	0.19
chang	0.19
spent	0.19
checker	0.18
plan	0.18
