stock	33.44
servic	9.329999999999998
locat	8.07
self	7.169999999999999
logist	6.07
inventori	5.279999999999999
line	4.14
repositori	3.42
form	3.1799999999999997
print	2.8499999999999996
partner	2.65
track	2.55
conform	2.4299999999999997
import	2.34
product	2.2900000000000005
number	2.2199999999999998
certif	1.8199999999999998
histori	1.75
correct	1.73
pick	1.5899999999999999
address	1.55
control	1.51
comput	1.4100000000000001
avail	1.3699999999999999
price	1.21
configur	1.19
qualiti	1.15
manag	1.12
popul	1.1
rule	1.01
rate	1.0
set	0.9299999999999999
tool	0.9099999999999999
averag	0.9
weight	0.72
uncheck	0.7
statu	0.67
compani	0.63
modul	0.54
origin	0.53
rack	0.52
warn	0.51
mass	0.46
real	0.44999999999999996
date	0.44
height	0.44
copi	0.41000000000000003
analysi	0.39
pallet	0.39
virtual	0.39
parcel	0.38
error	0.35
parent	0.33
select	0.32
miss	0.32
total	0.31
carrier	0.28
deliveri	0.27
domain	0.26
mail	0.25
order	0.24
pleas	0.24
note	0.23
gener	0.23
time	0.22
queri	0.22
grid	0.21
wizard	0.21
fals	0.21
valu	0.21
invent	0.21
spread	0.21
split	0.21
futur	0.21
default	0.21
save	0.2
countri	0.2
unit	0.19
perish	0.19
case	0.19
