maven	1.7899999999999998
master	1.51
eclips	1.4
develop	1.3699999999999999
camel	1.31
java	1.3
clone	0.86
bundl	0.8400000000000001
busi	0.8200000000000001
dist	0.68
swat	0.64
tree	0.63
overview	0.63
queue	0.61
base	0.53
troubleshoot	0.5
instal	0.49
blob	0.49
checkout	0.48
packag	0.48
file	0.43
desktop	0.43
databas	0.43
dedic	0.41
work	0.4
set	0.36
logic	0.34
replic	0.34
local	0.33
problem	0.31
processor	0.31
flow	0.3
build	0.3
endpoint	0.3
project	0.28
cach	0.28
annot	0.27
custom	0.25
alia	0.25
dump	0.25
servic	0.24
latest	0.23
jasper	0.22
procur	0.22
introduct	0.22
frequent	0.22
branch	0.21
alias	0.21
configur	0.21
main	0.2
parent	0.19
bash	0.19
neon	0.19
record	0.19
wrapper	0.19
guid	0.18
export	0.18
helper	0.18
