panel	19.079999999999995
event	17.099999999999998
editor	13.979999999999999
compon	11.410000000000002
valu	10.38
border	9.49
listen	9.389999999999999
desktop	9.02
select	8.360000000000001
column	7.869999999999998
tabl	6.909999999999998
tree	6.840000000000002
info	6.52
action	6.339999999999999
dialog	6.32
menu	6.1899999999999995
window	6.02
list	5.84
imag	5.659999999999999
process	5.41
enabl	5.340000000000001
read	5.34
write	5.2299999999999995
zoom	4.889999999999999
chang	4.6499999999999995
background	4.569999999999999
color	4.529999999999999
user	4.45
lookup	4.3500000000000005
text	4.35
model	4.31
context	4.09
locat	4.0200000000000005
item	3.9999999999999996
display	3.96
node	3.94
absolut	3.7700000000000005
auto	3.71
form	3.61
refresh	3.4800000000000004
attribut	3.44
load	3.39
grid	3.38
page	3.3700000000000006
token	3.37
pad	3.35
margin	3.3299999999999996
close	3.32
render	3.3000000000000003
instanc	3.19
resourc	3.16
dark	3.13
criteria	3.1199999999999997
gener	3.08
warehous	3.07
product	3.06
report	3.0500000000000003
right	3.02
drill	2.94
append	2.91
width	2.91
date	2.9099999999999997
client	2.9
factori	2.8899999999999997
prefer	2.8400000000000003
height	2.84
header	2.83
mandatori	2.68
overflow	2.6300000000000003
center	2.63
button	2.5999999999999996
statu	2.59
align	2.5699999999999994
popup	2.5599999999999996
open	2.53
normal	2.5
transpar	2.4899999999999998
viewer	2.46
vertic	2.3
search	2.29
password	2.21
dashboard	2.15
posit	2.15
workflow	2.14
record	2.1300000000000003
acct	2.12
print	2.1
delet	2.0999999999999996
index	2.07
role	2.0300000000000002
focu	1.9800000000000002
handler	1.9700000000000002
modal	1.96
cell	1.96
command	1.92
properti	1.9100000000000001
favorit	1.9
invoic	1.8900000000000001
applic	1.8900000000000001
login	1.89
style	1.87
insert	1.8599999999999997
layout	1.7899999999999998
callback	1.77
solid	1.77
element	1.7400000000000002
queri	1.74
simpl	1.73
dispos	1.69
document	1.68
request	1.6500000000000001
match	1.6
row	1.58
payment	1.5799999999999998
tab	1.5699999999999998
inlin	1.54
save	1.5399999999999998
test	1.52
logo	1.52
reset	1.52
upper	1.48
error	1.44
format	1.43
left	1.42
remov	1.42
execut	1.4100000000000001
blank	1.3900000000000001
archiv	1.38
defer	1.37
field	1.37
server	1.3699999999999999
updat	1.3699999999999999
abstract	1.35
session	1.34
inner	1.3399999999999999
current	1.3399999999999999
valid	1.3399999999999999
chat	1.32
push	1.3199999999999998
browser	1.29
control	1.27
provid	1.27
indic	1.27
region	1.27
tool	1.25
bank	1.24
reader	1.24
day	1.23
screen	1.22
creat	1.21
assign	1.2000000000000002
expand	1.2
logout	1.2
guarante	1.2
class	1.2
toolbar	1.19
order	1.17
undefin	1.15
start	1.15
scroll	1.1400000000000001
folder	1.1400000000000001
unus	1.13
parent	1.13
chart	1.13
import	1.12
disabl	1.1199999999999999
dynam	1.1
languag	1.0999999999999999
true	1.08
paint	1.08
join	1.07
head	1.07
account	1.06
bound	1.05
data	1.04
activ	1.04
shipment	1.03
launcher	1.0
app	1.0
filenam	1.0
respons	1.0
combin	1.0
type	0.9800000000000001
greet	0.97
null	0.95
pass	0.9400000000000001
embed	0.94
travers	0.94
bandbox	0.93
given	0.9299999999999999
horizont	0.91
complet	0.9099999999999999
price	0.9
comp	0.9
combo	0.9
size	0.89
attach	0.88
merg	0.88
post	0.8700000000000001
success	0.87
sort	0.86
icon	0.86
persist	0.85
label	0.85
emb	0.85
strip	0.8400000000000001
charg	0.8400000000000001
file	0.8399999999999999
citi	0.8300000000000001
multi	0.83
accordion	0.82
view	0.81
clear	0.8
sourc	0.79
like	0.79
warn	0.78
object	0.77
depress	0.77
hash	0.76
prefix	0.76
launch	0.76
shelf	0.75
evalu	0.74
export	0.74
cash	0.73
directori	0.73
custom	0.72
http	0.72
timeout	0.71
stream	0.71
cach	0.71
line	0.7
destroy	0.69
radio	0.68
statement	0.65
footer	0.65
configur	0.65
contain	0.65
visibl	0.65
asset	0.64
notic	0.64
uncheck	0.64
radiu	0.63
life	0.63
decor	0.63
messag	0.63
movement	0.62
inventori	0.62
resum	0.62
input	0.61
address	0.6000000000000001
implement	0.6
string	0.5900000000000001
script	0.59
timelin	0.59
onlin	0.59
pair	0.58
busi	0.58
checkbox	0.57
click	0.57
repeat	0.55
band	0.55
abort	0.55
titl	0.55
content	0.54
font	0.54
binder	0.54
fail	0.53
count	0.53
target	0.52
access	0.51
regist	0.51
grand	0.5
level	0.5
html	0.5
thread	0.49
obscur	0.49
kill	0.49
white	0.49
mail	0.48
middl	0.48
firefox	0.47000000000000003
feed	0.47
composit	0.47
sheet	0.47
refer	0.46
drop	0.46
multipl	0.46
groov	0.46
navig	0.45999999999999996
ctrl	0.45
paramet	0.45
reserv	0.44
nonexist	0.44
googl	0.44
initi	0.44
cursor	0.44
shipper	0.43
countri	0.43
confirm	0.43
entri	0.43
time	0.43
currenc	0.42000000000000004
schedul	0.42000000000000004
ignor	0.42
schema	0.42
translat	0.42
organis	0.41
invalid	0.41
quick	0.4
dict	0.4
frame	0.4
unknown	0.4
shadow	0.39
constraint	0.39
mode	0.39
cleanup	0.39
phone	0.38
compar	0.38
weight	0.38
interfac	0.37
retri	0.37
anchor	0.37
calendar	0.37
output	0.37
scan	0.37
key	0.36
hint	0.36
postal	0.36
recent	0.34
task	0.34
budget	0.34
setup	0.33
block	0.33
printout	0.33
interrupt	0.32
unsupport	0.32
rule	0.32
axi	0.32
throw	0.31
invok	0.31
fact	0.31
loader	0.31
deliv	0.3
lock	0.3
minimum	0.3
separ	0.3
progress	0.3
goal	0.3
interv	0.3
overlap	0.29
delay	0.29
send	0.29
plain	0.29
sent	0.29
bracket	0.29
version	0.29
dimens	0.29
receipt	0.28
real	0.28
defin	0.28
subject	0.28
featur	0.28
cube	0.28
servic	0.28
sibl	0.27
filter	0.27
char	0.27
board	0.27
brows	0.27
materi	0.27
credit	0.27
span	0.27
forgot	0.26
templat	0.26
flag	0.26
attempt	0.26
code	0.26
dash	0.26
alia	0.26
oper	0.26
destin	0.26
card	0.26
claus	0.25
ship	0.25
recreat	0.25
highlight	0.25
press	0.25
east	0.25
north	0.25
col	0.25
bodi	0.25
theme	0.25
flash	0.24
limit	0.24
encod	0.24
south	0.24
west	0.24
wiki	0.24
entiti	0.24
percentag	0.23
contact	0.23
mark	0.23
helper	0.23
trashcan	0.23
small	0.23
note	0.23
mainten	0.23
tender	0.23
local	0.23
worker	0.22
larg	0.22
cancel	0.22
need	0.22
group	0.22
outer	0.21
uniniti	0.21
previou	0.21
period	0.21
alloc	0.21
timestamp	0.21
pointer	0.21
option	0.2
includ	0.2
book	0.2
descript	0.2
home	0.2
commit	0.2
placement	0.2
categori	0.2
fals	0.2
vendor	0.2
verifi	0.19
default	0.19
total	0.19
hour	0.19
deactiv	0.19
path	0.19
state	0.19
safari	0.19
slow	0.19
anomali	0.19
experi	0.19
detach	0.19
excel	0.19
collaps	0.19
detect	0.19
repaint	0.19
number	0.19
mous	0.19
prepar	0.19
creation	0.18
extern	0.18
opac	0.18
appl	0.18
base	0.18
bold	0.18
loop	0.18
clean	0.18
rout	0.18
unabl	0.18
