servic	13.03
self	10.91
employe	9.57
lunch	7.540000000000001
leav	7.21
expens	6.300000000000001
batch	5.22
voucher	5.210000000000001
user	4.93
control	3.95
line	3.8000000000000003
project	3.59
hour	3.27
manag	3.0300000000000002
employ	3.0
timer	2.92
remind	2.58
bank	2.5500000000000003
comput	2.52
human	2.41
remov	2.41
save	2.41
advanc	2.34
contract	2.33
plan	2.29
payrol	2.1999999999999997
durat	1.9899999999999998
compani	1.98
extra	1.96
bonu	1.87
resourc	1.87
export	1.8
time	1.5299999999999998
form	1.51
prepar	1.47
order	1.4699999999999998
partner	1.1300000000000001
report	1.0899999999999999
date	1.06
switch	1.05
main	0.97
copi	0.96
editor	0.9199999999999999
creat	0.9100000000000001
configur	0.91
true	0.9000000000000001
valid	0.9
script	0.8799999999999999
static	0.8700000000000001
templat	0.86
task	0.8300000000000001
payment	0.8300000000000001
statu	0.79
select	0.79
reset	0.7799999999999999
strategi	0.75
quantiti	0.74
send	0.72
twitter	0.71
team	0.7
senior	0.69
holiday	0.67
email	0.66
manifest	0.6599999999999999
distanc	0.65
account	0.65
gener	0.64
timezon	0.63
merg	0.63
messag	0.62
list	0.62
respons	0.6
refus	0.5800000000000001
enabl	0.57
pleas	0.57
grid	0.51
public	0.5
relat	0.5
react	0.49
mail	0.47
bootstrap	0.45
cach	0.45
height	0.42
bodi	0.42
style	0.4
color	0.39
recent	0.39
launch	0.38
modul	0.38
reason	0.38
request	0.35
longitud	0.35
latitud	0.35
origin	0.35
blank	0.35
index	0.34
second	0.34
label	0.33
anomali	0.33
standalon	0.32
titl	0.31
imag	0.3
edit	0.29
comment	0.29
size	0.28
target	0.28
product	0.27
confirm	0.27
transfer	0.26
credit	0.26
offset	0.25
contact	0.25
invoic	0.25
journal	0.25
sampl	0.24
theme	0.24
impos	0.24
pars	0.23
popup	0.23
cancel	0.23
background	0.22
short	0.22
anonym	0.22
serv	0.22
sent	0.22
work	0.22
icon	0.21
worker	0.21
forc	0.21
amend	0.21
annual	0.21
header	0.2
link	0.2
store	0.2
paus	0.2
class	0.2
plugin	0.19
forecast	0.19
fals	0.19
insert	0.19
justif	0.19
map	0.19
analyt	0.19
formula	0.19
math	0.19
search	0.19
avail	0.19
content	0.18
function	0.18
asset	0.18
weekli	0.18
