licens	1.74
section	1.32
document	1.28
contribut	1.18
cover	1.1400000000000001
copi	1.04
maintain	0.9400000000000001
invari	0.92
hesit	0.8899999999999999
email	0.8600000000000001
version	0.86
telephon	0.77
http	0.75
wish	0.5800000000000001
inform	0.58
account	0.53
exampl	0.51
judd	0.46
pleas	0.44999999999999996
seed	0.43
current	0.41000000000000003
contact	0.41000000000000003
michael	0.4
usual	0.38
format	0.38
folder	0.37
offic	0.35
structur	0.35
directori	0.33
databas	0.31
newsgroup	0.31
translat	0.29
contain	0.26
recov	0.24
tracker	0.24
explan	0.24
shell	0.23
comp	0.22
improv	0.21
natur	0.2
wiki	0.2
suggest	0.2
file	0.19
idea	0.19
insid	0.19
indent	0.18
