databas	14.57
server	12.299999999999999
info	10.47
port	9.419999999999998
error	8.33
java	7.300000000000001
mail	5.970000000000001
password	4.720000000000001
home	4.590000000000001
deploy	3.1300000000000003
setup	1.79
app	1.6500000000000001
store	1.45
connect	1.11
base	1.01
http	0.92
correct	0.92
help	0.86
wiki	0.75
properti	0.73
instal	0.72
oracl	0.7
organ	0.69
version	0.65
silent	0.61
certif	0.57
font	0.55
dialog	0.55
program	0.5
tomcat	0.47
imag	0.44
feil	0.44
puerto	0.43
stori	0.42000000000000004
licens	0.39
strong	0.35
fehler	0.34
signal	0.34
discov	0.34
distribut	0.32
datenbank	0.31
maria	0.29
download	0.28
electron	0.27
width	0.26
exit	0.26
alia	0.26
softwar	0.25
panel	0.25
size	0.24
dell	0.24
perform	0.22
town	0.22
date	0.22
tool	0.22
target	0.21
pass	0.21
usag	0.21
user	0.21
passwort	0.2
context	0.2
countri	0.2
test	0.19
folder	0.19
char	0.19
common	0.19
work	0.18
