post	3.88
tabl	2.91
login	2.38
implement	2.3200000000000003
window	1.98
icon	1.8800000000000001
imag	1.61
menu	1.44
statu	1.41
select	1.35
button	1.2799999999999998
role	1.24
client	1.21
process	1.19
updat	1.13
valu	1.12
paramet	1.0899999999999999
option	1.0699999999999998
session	1.0499999999999998
field	1.0
repli	0.99
start	0.96
undefin	0.9299999999999999
slide	0.91
submit	0.9099999999999999
calendar	0.89
array	0.87
true	0.85
format	0.81
languag	0.7899999999999999
script	0.77
time	0.76
info	0.74
locat	0.74
tree	0.73
server	0.73
form	0.72
column	0.72
request	0.71
length	0.66
dialog	0.65
null	0.64
disallow	0.6
orient	0.59
expand	0.5800000000000001
mobil	0.5800000000000001
encod	0.58
context	0.5700000000000001
robot	0.57
user	0.52
agent	0.51
paint	0.48
height	0.48
filter	0.48
month	0.48
report	0.47
folder	0.46
address	0.46
workflow	0.46
node	0.45
bodi	0.45
tick	0.44
ticker	0.44
function	0.44
close	0.42000000000000004
bullet	0.42
return	0.41000000000000003
head	0.41
scale	0.41
help	0.41
destroy	0.4
list	0.39
today	0.38
java	0.38
string	0.37
lang	0.37
toggl	0.37
factori	0.36
hidden	0.36
deselect	0.36
charact	0.36
path	0.35
hold	0.34
store	0.34
setup	0.33
toolbar	0.33
statist	0.33
open	0.32
placehold	0.32
http	0.32
self	0.32
flat	0.31
print	0.31
drag	0.3
titl	0.3
class	0.29
launch	0.29
region	0.28
combo	0.27
arrow	0.27
flow	0.26
weekend	0.25
popup	0.25
countri	0.25
index	0.25
record	0.24
exit	0.24
strict	0.24
display	0.23
area	0.23
year	0.23
write	0.23
procedur	0.23
output	0.23
upper	0.23
page	0.22
app	0.22
width	0.22
touch	0.22
previou	0.22
evalu	0.21
attach	0.21
error	0.21
claus	0.21
receiv	0.21
appl	0.21
sort	0.2
collaps	0.2
decod	0.2
timeout	0.2
dump	0.2
text	0.2
input	0.19
left	0.19
block	0.19
dispos	0.19
version	0.19
work	0.19
outer	0.18
activ	0.18
oper	0.18
spacer	0.18
zoom	0.18
