incid	3.8699999999999997
shift	3.36
attend	3.13
process	1.91
leav	1.8499999999999999
work	1.6800000000000002
schedul	1.44
contract	1.41
time	1.3399999999999999
abstract	1.23
creat	1.1800000000000002
import	0.99
record	0.8899999999999999
expens	0.8200000000000001
report	0.81
employe	0.75
action	0.67
repeat	0.6399999999999999
valid	0.51
period	0.46
date	0.44
revers	0.39
void	0.31
type	0.31
project	0.31
approv	0.3
trim	0.26
accrual	0.25
reason	0.25
unlock	0.24
close	0.24
warehous	0.24
delet	0.24
default	0.23
price	0.22
reject	0.21
client	0.21
parent	0.2
correct	0.19
invoic	0.19
error	0.18
