doc	54.19
account	35.21
manual	28.21
item	27.83
custom	21.929999999999996
stock	20.879999999999995
user	19.859999999999996
sale	18.089999999999996
loan	17.900000000000002
healthcar	17.240000000000006
asset	16.720000000000002
employe	16.290000000000006
human	15.960000000000004
index	15.71
email	15.63
set	15.18
student	13.750000000000004
websit	13.230000000000004
report	13.04
manufactur	12.86
payment	12.600000000000001
project	12.290000000000001
invoic	12.110000000000003
leav	11.95
purchas	11.24
order	11.040000000000001
educ	10.890000000000002
field	10.510000000000002
materi	10.07
print	9.81
salari	9.79
entri	9.78
assess	9.550000000000002
resourc	9.35
qualiti	9.04
patient	8.690000000000001
articl	8.450000000000001
templat	8.45
supplier	8.44
link	7.57
permiss	7.299999999999999
plan	7.140000000000001
attend	6.78
work	6.71
document	6.699999999999999
use	6.3500000000000005
tool	6.139999999999999
appoint	6.12
content	5.999999999999999
lead	5.64
breadcrumb	5.61
mainten	5.539999999999999
page	5.510000000000001
titl	5.3500000000000005
medic	5.33
portal	5.300000000000001
googl	5.28
secur	5.1
integr	5.0600000000000005
issu	5.04
restaur	4.869999999999999
role	4.83
rate	4.74
rule	4.720000000000001
region	4.67
assign	4.65
frapp	4.62
sell	4.590000000000001
renam	4.59
note	4.56
manag	4.55
crop	4.45
screenshot	4.42
cours	4.39
warehous	4.28
quotat	4.220000000000001
compani	4.17
cost	4.140000000000001
request	4.09
group	4.05
type	3.97
bank	3.9699999999999998
open	3.7699999999999996
setup	3.75
slip	3.6799999999999997
deliveri	3.6599999999999997
exchang	3.6500000000000004
oper	3.64
procedur	3.62
support	3.61
membership	3.59
categori	3.57
land	3.56
data	3.5
valuat	3.4699999999999998
price	3.46
currenc	3.45
ledger	3.44
train	3.42
base	3.41
format	3.4
ship	3.39
opportun	3.3899999999999997
therapi	3.3600000000000003
applic	3.3499999999999996
buy	3.3400000000000003
task	3.33
unit	3.32
gateway	3.29
donor	3.25
term	3.23
return	3.21
import	3.1899999999999995
schedul	3.17
journal	3.13
person	3.12
backup	3.12
expens	3.11
subscript	3.08
volunt	3.05
date	3.0300000000000002
structur	3.0
filter	2.99
inpati	2.9899999999999998
serial	2.9600000000000004
workflow	2.9499999999999997
product	2.92
form	2.92
batch	2.9000000000000004
program	2.89
servic	2.85
tax	2.81
exempt	2.8000000000000003
profit	2.79
transact	2.79
head	2.76
charg	2.75
contact	2.73
updat	2.7
level	2.67
claim	2.65
payrol	2.6000000000000005
depreci	2.55
vehicl	2.4899999999999998
fiscal	2.48
territori	2.46
year	2.45
feedback	2.44
letter	2.44
share	2.43
room	2.4200000000000004
chart	2.41
credit	2.4099999999999997
step	2.4
balanc	2.33
sampl	2.31
delet	2.3
valu	2.2800000000000002
agricultur	2.2600000000000002
defer	2.26
bulk	2.25
total	2.24
export	2.24
search	2.2399999999999998
summari	2.22
admiss	2.21
card	2.21
discount	2.2
workstat	2.2
desk	2.1900000000000004
login	2.19
seri	2.18
restrict	2.18
domain	2.1799999999999997
reconcili	2.17
academ	2.1399999999999997
book	2.12
shift	2.12
autom	2.11
code	2.09
grade	2.08
event	2.0500000000000003
time	2.0300000000000002
result	2.0300000000000002
download	2.03
gener	2.0
benefit	1.97
appli	1.96
diseas	1.95
script	1.9499999999999997
brand	1.9400000000000002
default	1.9100000000000001
test	1.89
list	1.89
campaign	1.87
fee	1.8699999999999999
hotel	1.86
chapter	1.8599999999999999
capac	1.85
receiv	1.8399999999999999
rout	1.83
practition	1.82
section	1.82
differ	1.8
submit	1.7799999999999998
dashboard	1.77
holiday	1.77
current	1.77
activ	1.76
transfer	1.7599999999999998
period	1.74
address	1.7399999999999998
emir	1.73
dimens	1.71
auto	1.71
topic	1.6600000000000001
incent	1.6400000000000001
button	1.6400000000000001
translat	1.6400000000000001
fetch	1.64
repay	1.63
enrol	1.6099999999999999
downtim	1.6099999999999999
member	1.59
emb	1.5699999999999998
sharehold	1.56
grant	1.5599999999999998
send	1.55
modul	1.55
receipt	1.5499999999999998
staf	1.5499999999999998
multi	1.5499999999999998
newslett	1.54
allow	1.54
consum	1.5399999999999998
gratuiti	1.53
close	1.52
stage	1.5099999999999998
video	1.5
scrap	1.5
certif	1.4900000000000002
chang	1.4900000000000002
master	1.49
sync	1.48
visit	1.47
post	1.47
regul	1.46
introduct	1.45
liabil	1.45
withhold	1.45
limit	1.43
perpetu	1.42
global	1.4100000000000001
quantiti	1.4100000000000001
analysi	1.4
cancel	1.4
reserv	1.3800000000000001
factor	1.3800000000000001
good	1.35
fertil	1.34
calendar	1.34
inventori	1.34
mileston	1.3399999999999999
champion	1.33
session	1.32
sourc	1.3199999999999998
donat	1.31
warranti	1.31
depart	1.2999999999999998
languag	1.28
parent	1.27
quiz	1.27
skill	1.26
round	1.25
tag	1.24
chat	1.24
amazon	1.23
reject	1.23
clinic	1.22
variant	1.22
password	1.22
record	1.21
frozen	1.21
tabl	1.2
goal	1.2
advanc	1.19
child	1.19
social	1.1800000000000002
agreement	1.17
aim	1.16
assembl	1.1400000000000001
center	1.1400000000000001
debit	1.1400000000000001
day	1.1300000000000001
blog	1.13
inter	1.13
calcul	1.12
exercis	1.12
state	1.12
board	1.1199999999999999
save	1.1099999999999999
team	1.0899999999999999
site	1.0899999999999999
shipment	1.08
freez	1.08
repeat	1.0799999999999998
incom	1.07
apprais	1.07
comparison	1.07
map	1.07
enter	1.07
remind	1.0699999999999998
adjust	1.06
review	1.06
travel	1.06
point	1.06
visibl	1.06
digest	1.06
funnel	1.04
slab	1.03
sign	1.02
banner	1.02
disabl	1.02
dropbox	1.02
keyboard	1.01
outgo	1.01
wise	1.01
number	1.01
profil	1.01
perm	1.01
instal	1.0
flow	1.0
budget	1.0
promot	1.0
past	0.99
consumpt	0.99
blanket	0.97
polici	0.97
deduct	0.97
plaid	0.97
mode	0.97
fraction	0.97
razor	0.96
amend	0.96
homepag	0.96
loyalti	0.95
compon	0.95
flexibl	0.95
convers	0.9400000000000001
select	0.9400000000000001
subcontract	0.94
altern	0.93
guardian	0.92
twitter	0.92
sheet	0.9199999999999999
theme	0.9199999999999999
inspect	0.9
recur	0.9
encount	0.8999999999999999
attribut	0.8999999999999999
cart	0.89
attach	0.89
shortcut	0.89
collabor	0.89
ldap	0.89
shortfal	0.8899999999999999
instructor	0.88
revers	0.88
capit	0.8799999999999999
creation	0.87
dun	0.87
fix	0.8500000000000001
examin	0.85
statu	0.85
contract	0.85
drive	0.8400000000000001
comment	0.84
coupon	0.83
maintain	0.8200000000000001
version	0.8200000000000001
notif	0.8200000000000001
hospit	0.81
finish	0.81
credenti	0.81
scorecard	0.8
desktop	0.8
offer	0.8
repack	0.8
target	0.79
valid	0.79
home	0.77
store	0.77
restor	0.77
access	0.77
recruit	0.77
friday	0.77
energi	0.77
histori	0.76
proof	0.76
cashier	0.76
signatur	0.76
bundl	0.75
view	0.75
bonu	0.75
forecast	0.75
merg	0.75
ad	0.74
file	0.74
accrual	0.74
fleet	0.74
tree	0.73
column	0.73
edit	0.73
drop	0.72
complaint	0.72
standard	0.72
duplic	0.72
statement	0.72
quick	0.72
precis	0.72
purpos	0.72
chain	0.72
partner	0.7
dosag	0.7
upload	0.7
referr	0.7
retent	0.7
immut	0.69
reorder	0.69
check	0.68
employ	0.68
guarante	0.68
franc	0.6799999999999999
lower	0.6799999999999999
menu	0.67
action	0.67
media	0.67
health	0.67
outstand	0.67
stale	0.67
pick	0.67
cycl	0.66
margin	0.66
overrid	0.66
server	0.6599999999999999
voucher	0.6599999999999999
revenu	0.65
germani	0.65
start	0.64
sort	0.64
follow	0.64
prescript	0.63
scale	0.63
daili	0.63
break	0.63
read	0.6200000000000001
procur	0.62
want	0.62
vital	0.62
stripe	0.62
equiti	0.62
explor	0.62
builder	0.6100000000000001
soil	0.61
locat	0.61
numer	0.61
addit	0.6000000000000001
properti	0.6000000000000001
http	0.6000000000000001
repair	0.6
disburs	0.6
branch	0.6
abl	0.6
financ	0.6
hide	0.5900000000000001
trip	0.59
author	0.59
local	0.59
farm	0.5800000000000001
meet	0.58
insur	0.58
provid	0.58
cash	0.58
excel	0.5700000000000001
meta	0.57
letterhead	0.57
conform	0.56
method	0.56
pack	0.56
gain	0.55
multipl	0.55
make	0.55
featur	0.54
sidebar	0.54
condit	0.54
tracker	0.53
shop	0.53
produc	0.53
scheme	0.53
style	0.53
retain	0.53
busi	0.52
durat	0.52
ticket	0.52
expiri	0.52
criteria	0.51
overwrit	0.51
easili	0.51
alloc	0.5
host	0.5
final	0.5
carrot	0.49
implement	0.49
accru	0.49
compensatori	0.49
separ	0.49
easi	0.48
design	0.48
submiss	0.48
india	0.48
requir	0.47000000000000003
measur	0.47
diagram	0.47
realm	0.47
inbox	0.47
contribut	0.47
payabl	0.46
subject	0.46
maximum	0.46
option	0.45999999999999996
score	0.45
diagnosi	0.45
authent	0.45
obtain	0.44
need	0.44
billabl	0.44
collect	0.44
pharmaci	0.44
log	0.44
shown	0.44
revalu	0.44
repli	0.44
advisor	0.44
itali	0.44
write	0.43
synchron	0.43
dynam	0.43
prefix	0.43
slack	0.43
rest	0.43
punch	0.42000000000000004
redirect	0.42000000000000004
movement	0.42
discharg	0.42
subscrib	0.42
prioriti	0.42
prepar	0.42
evalu	0.41000000000000003
administr	0.41000000000000003
stream	0.41000000000000003
copi	0.41
citi	0.41
simplifi	0.4
navig	0.4
exam	0.4
connect	0.4
tube	0.39
conduct	0.39
respons	0.39
owner	0.39
recover	0.39
pledg	0.38
threshold	0.38
mysor	0.38
arab	0.38
concept	0.37
platform	0.37
protocol	0.37
bangalor	0.37
printer	0.37
decim	0.37
pull	0.36
smooth	0.36
world	0.36
place	0.36
free	0.35
commerc	0.35
averag	0.35
strategi	0.34
block	0.34
bucket	0.34
enterpris	0.33
hour	0.33
develop	0.33
captur	0.33
mandat	0.33
click	0.33
regim	0.33
cover	0.32
color	0.32
logo	0.32
hero	0.32
replac	0.32
usernam	0.32
statutori	0.32
origin	0.31
messag	0.31
prospect	0.31
loss	0.31
common	0.31
mumbai	0.31
size	0.31
serv	0.31
waiter	0.3
pend	0.3
demo	0.3
drug	0.3
checkout	0.3
japan	0.3
previou	0.3
categor	0.3
mama	0.3
devic	0.3
phase	0.29
school	0.29
overal	0.29
hold	0.29
distribut	0.29
way	0.29
tailor	0.29
smartphon	0.29
stop	0.28
pipelin	0.28
experi	0.28
machin	0.28
command	0.28
verif	0.28
tourist	0.28
codif	0.28
tradit	0.27
fairli	0.27
indic	0.27
vacanc	0.27
draw	0.27
tray	0.27
spreadsheet	0.27
window	0.26
live	0.26
modern	0.26
reopen	0.26
optim	0.26
function	0.26
byte	0.26
consult	0.26
length	0.26
reflect	0.26
codifi	0.26
explod	0.26
plant	0.25
observ	0.25
virtual	0.25
bench	0.25
slideshow	0.25
institut	0.25
certain	0.25
parti	0.25
britannia	0.25
someth	0.25
grand	0.25
timeout	0.25
distanc	0.25
dummi	0.25
familiar	0.24
freeli	0.24
birthday	0.24
applet	0.24
reset	0.24
approv	0.24
exampl	0.24
deepli	0.24
fall	0.24
weight	0.24
percent	0.24
carrier	0.24
parcel	0.24
formula	0.24
kilo	0.24
pertain	0.23
learn	0.23
facil	0.23
organ	0.23
easier	0.23
stakehold	0.23
job	0.23
encrypt	0.23
itinerari	0.23
declar	0.23
monthli	0.23
hundr	0.23
end	0.23
talli	0.23
interv	0.23
retail	0.23
remov	0.23
channel	0.23
relat	0.23
compliant	0.23
temporari	0.23
zero	0.23
half	0.22
deliv	0.22
antibiot	0.22
phone	0.22
chair	0.22
avail	0.22
exponenti	0.22
privat	0.22
foreign	0.22
resolut	0.22
maharashtra	0.22
queri	0.22
static	0.22
scan	0.22
shirt	0.22
track	0.21
timer	0.21
intro	0.21
blogger	0.21
invit	0.21
lost	0.21
withdraw	0.21
cake	0.21
today	0.21
case	0.21
barcod	0.21
weather	0.2
textur	0.2
configur	0.2
distributor	0.2
know	0.2
key	0.2
confirm	0.2
inform	0.2
thousand	0.2
secret	0.2
happen	0.2
cumul	0.2
specif	0.2
creator	0.2
spanish	0.2
class	0.2
televis	0.2
wooden	0.2
weed	0.19
chemic	0.19
seven	0.19
acquisit	0.19
larg	0.19
resiz	0.19
peopl	0.19
contain	0.19
lectur	0.19
scienc	0.19
reschedul	0.19
belong	0.19
suppli	0.19
compar	0.19
process	0.19
month	0.19
debtor	0.19
proforma	0.19
withheld	0.19
framework	0.19
written	0.19
steve	0.19
cloud	0.19
initi	0.19
sender	0.19
broken	0.19
refund	0.19
water	0.18
unsubscrib	0.18
nurtur	0.18
mark	0.18
creat	0.18
popup	0.18
grace	0.18
client	0.18
alert	0.18
line	0.18
preview	0.18
carri	0.18
heart	0.18
waybil	0.18
percentag	0.18
wood	0.18
convert	0.18
