lead	8.08
servic	6.1000000000000005
opportun	5.47
event	4.75
batch	3.02
self	2.9800000000000004
remind	2.8599999999999994
configur	2.42
control	2.37
repositori	2.25
target	2.0200000000000005
import	1.98
calendar	1.37
manag	1.26
attende	1.23
anomali	1.0999999999999999
valu	1.06
char	0.97
address	0.96
rest	0.88
messag	0.87
catalog	0.86
modul	0.82
quotat	0.78
gener	0.7
recurr	0.69
pour	0.6499999999999999
strategi	0.64
everi	0.54
sale	0.51
partner	0.5
copi	0.5
email	0.45999999999999996
rappel	0.45
class	0.44
wizard	0.44
user	0.43
googl	0.42
number	0.41
blank	0.41
save	0.4
pleas	0.39
creat	0.38
thread	0.37
remov	0.35
action	0.34
emit	0.3
null	0.3
fals	0.29
convert	0.29
phone	0.28
fix	0.28
updat	0.28
model	0.27
parent	0.26
coalesc	0.26
week	0.26
stop	0.26
color	0.25
execut	0.25
lower	0.25
twitter	0.24
meet	0.23
treat	0.23
longitud	0.22
latitud	0.22
contact	0.22
durat	0.22
time	0.22
label	0.21
comput	0.21
busi	0.21
sequenc	0.21
pink	0.2
file	0.2
titl	0.19
team	0.19
process	0.19
compani	0.19
yellow	0.18
panel	0.18
avail	0.18
select	0.18
