categori	5.45
alloc	5.359999999999999
method	3.69
store	3.5400000000000005
payment	2.9699999999999998
rule	1.75
product	1.43
catalog	1.2999999999999998
freight	1.22
attribut	1.07
wrapper	1.0
cach	1.0
deliveri	0.96
elast	0.8
export	0.8
tender	0.75
basket	0.7
updat	0.62
entiti	0.61
children	0.61
type	0.5800000000000001
keyword	0.5800000000000001
slug	0.5700000000000001
path	0.52
price	0.5
parent	0.48
rate	0.47
featur	0.45
error	0.43
map	0.41000000000000003
initi	0.39
helper	0.38
line	0.34
postcod	0.31
input	0.29
subtot	0.29
registr	0.29
instanc	0.28
schema	0.28
valu	0.27
search	0.26
packag	0.26
imag	0.25
port	0.25
data	0.25
select	0.25
label	0.24
code	0.24
host	0.24
shipper	0.24
valid	0.23
exist	0.22
file	0.22
configur	0.21
delet	0.21
tax	0.19
login	0.19
global	0.19
process	0.19
client	0.19
creat	0.18
activ	0.18
