product	39.93
order	33.97
price	31.919999999999995
invoic	29.460000000000004
produkt	29.059999999999995
partner	28.830000000000002
auftrag	27.339999999999996
fenster	22.52
lang	21.57
window	20.720000000000002
import	20.489999999999995
docker	20.15
document	19.09
page	18.52
sale	16.16
feld	15.460000000000006
busi	15.180000000000003
menu	14.23
data	14.200000000000001
fresh	13.54
user	13.05
beleg	12.599999999999998
receipt	12.500000000000002
open	12.450000000000005
index	12.25
address	12.18
abbr	11.91
candid	11.830000000000002
hierarch	11.83
report	11.51
line	11.190000000000001
creat	11.160000000000002
purchas	10.589999999999998
field	10.450000000000001
materi	10.33
jasper	10.240000000000002
attribut	10.19
rechnung	10.110000000000001
site	9.93
bestellung	9.660000000000002
display	9.620000000000001
neuen	9.51
shipment	9.489999999999998
aktion	9.350000000000001
join	9.27
automatisch	9.23
nutzer	9.22
select	9.14
print	9.11
lege	9.11
server	9.08
importieren	8.94
instal	8.7
discount	8.530000000000001
list	8.5
vendor	8.23
term	8.17
klick	8.160000000000002
email	8.110000000000001
credit	8.07
check	8.020000000000001
preis	7.970000000000001
pick	7.780000000000001
schedul	7.619999999999999
workflow	7.6000000000000005
contract	7.6
group	7.450000000000001
vertrag	7.29
action	7.169999999999999
schema	7.089999999999999
unit	7.06
preislist	6.989999999999999
dun	6.87
account	6.81
collect	6.66
erstellen	6.630000000000002
outbound	6.54
weight	6.390000000000001
anlegen	6.380000000000001
mail	6.360000000000001
includ	6.32
file	6.249999999999998
asset	6.169999999999999
imag	6.140000000000001
languag	6.129999999999999
neue	6.100000000000001
counter	6.0200000000000005
wareneingang	6.010000000000001
hinwei	6.000000000000001
custom	6.0
payment	5.92
format	5.890000000000001
erfassen	5.820000000000002
adress	5.82
empti	5.8100000000000005
note	5.720000000000001
entri	5.7
lager	5.699999999999999
issu	5.67
script	5.66
request	5.619999999999999
click	5.569999999999999
daten	5.520000000000001
filter	5.44
erstel	5.43
translat	5.41
meng	5.380000000000001
press	5.330000000000002
element	5.27
process	5.24
warehous	5.23
text	5.179999999999999
preissystem	5.15
commiss	5.15
handl	5.12
enter	5.1
column	5.07
pack	5.029999999999999
version	5.0200000000000005
complet	4.9
titl	4.880000000000001
compos	4.87
alloc	4.869999999999999
search	4.8
date	4.750000000000001
revers	4.75
quick	4.65
sequenc	4.62
differ	4.6
prei	4.6
notif	4.53
vertriebspartn	4.5200000000000005
tabl	4.5
java	4.5
phone	4.46
view	4.45
button	4.41
compens	4.37
ausschreibung	4.359999999999999
kunden	4.34
record	4.33
client	4.3100000000000005
migrat	4.209999999999999
queue	4.19
ship	4.18
procur	4.15
icon	4.12
work	4.08
datei	4.010000000000001
fine	3.9800000000000004
schritt	3.9400000000000004
categori	3.89
tour	3.83
period	3.8200000000000003
master	3.81
layout	3.8000000000000003
market	3.7699999999999996
liefer	3.75
export	3.73
number	3.6499999999999995
preview	3.6400000000000006
instruct	3.5900000000000003
properti	3.5699999999999994
rest	3.55
limit	3.55
rabatt	3.51
chang	3.5
test	3.4900000000000007
kontakt	3.42
propos	3.41
erfassung	3.4
packag	3.3999999999999995
assign	3.39
tag	3.3899999999999997
qualiti	3.3899999999999997
ausgehend	3.3899999999999997
role	3.3800000000000003
start	3.3600000000000003
erstellt	3.35
use	3.34
letter	3.3299999999999996
return	3.2700000000000005
develop	3.27
freigab	3.27
memo	3.25
gebind	3.2299999999999995
erweitert	3.2199999999999998
organis	3.2
locat	3.19
neuer	3.1
spalt	3.0900000000000003
relat	3.08
countri	3.0799999999999996
login	3.0599999999999996
kannst	3.0400000000000005
swagger	3.04
info	3.0300000000000002
default	3.0
konten	3.0
excel	2.9800000000000004
left	2.98
enlarg	2.97
lieferschein	2.9699999999999998
datum	2.96
findest	2.9300000000000006
shipper	2.9299999999999997
lieferung	2.8999999999999995
delet	2.89
activ	2.89
vertragsbedingungen	2.88
refer	2.87
miss	2.86
versand	2.86
error	2.85
currenc	2.85
einrichtung	2.8499999999999996
bash	2.8200000000000003
campaign	2.8000000000000003
benutz	2.8
kund	2.79
inventori	2.78
googl	2.76
lieferanten	2.76
angebot	2.76
bank	2.74
automat	2.74
gutschrift	2.7199999999999998
ground	2.7199999999999998
configur	2.6599999999999997
installier	2.6500000000000004
organ	2.6399999999999997
anruf	2.6000000000000005
richt	2.5900000000000003
jump	2.59
deliveri	2.59
beispiel	2.5700000000000003
code	2.5700000000000003
enabl	2.5600000000000005
overview	2.56
build	2.52
null	2.52
sort	2.52
passwort	2.5100000000000002
overlay	2.5
prozess	2.49
trage	2.46
serial	2.4499999999999997
belegen	2.42
archiv	2.42
zuordnung	2.41
quotat	2.4099999999999997
advanc	2.4
condit	2.4
defin	2.39
week	2.38
project	2.37
time	2.37
password	2.36
void	2.35
aktivieren	2.33
guid	2.3
einstellen	2.28
setup	2.25
attach	2.2399999999999998
termin	2.1900000000000004
vorgang	2.19
copi	2.1700000000000004
felder	2.17
paramet	2.16
contact	2.16
gehe	2.14
iban	2.12
blank	2.11
benutzung	2.1
kopieren	2.1
postal	2.1
kampagn	2.1
starten	2.0900000000000003
save	2.09
rate	2.09
zahnrad	2.06
applic	2.0500000000000003
teillieferung	2.05
quantiti	2.05
databas	2.04
maven	2.04
receiv	2.04
specif	2.0300000000000002
camel	2.02
catch	2.02
header	2.0199999999999996
cach	2.0100000000000002
clone	2.01
statu	2.01
slot	1.9900000000000002
step	1.99
rechnungen	1.9899999999999998
port	1.97
intern	1.97
appear	1.97
belegnumm	1.9699999999999998
convers	1.96
reactiv	1.9500000000000002
zahlung	1.95
want	1.94
eintrag	1.9300000000000002
messag	1.92
node	1.9
kategori	1.9
definieren	1.89
dictionari	1.8699999999999999
resp	1.86
stornieren	1.86
insert	1.85
approv	1.85
identifi	1.84
edit	1.83
textbaustein	1.83
plattform	1.83
erfass	1.8299999999999998
manuel	1.8200000000000003
rechn	1.82
importierten	1.8199999999999998
sidebar	1.8199999999999998
highlight	1.81
french	1.81
cost	1.7999999999999998
result	1.7799999999999998
zoom	1.7600000000000002
current	1.76
deactiv	1.75
network	1.75
section	1.74
mahnbrief	1.74
shortcut	1.7300000000000002
distribut	1.7299999999999998
datensatz	1.7199999999999998
log	1.71
springen	1.71
tree	1.7099999999999997
seit	1.7000000000000002
tip	1.7000000000000002
importier	1.7
correctli	1.7
spring	1.6999999999999997
switch	1.6800000000000002
subsequ	1.67
versandkosten	1.67
clever	1.6600000000000001
editor	1.65
checkbox	1.6400000000000001
send	1.6199999999999999
artikel	1.6
contractu	1.6
reset	1.5899999999999999
like	1.58
gear	1.58
glossari	1.58
promot	1.57
meld	1.5699999999999998
dist	1.56
logo	1.56
klicken	1.5599999999999998
exportieren	1.55
item	1.54
jahr	1.54
acct	1.54
anzeigen	1.53
benachrichtigung	1.5299999999999998
function	1.52
journal	1.52
target	1.52
compon	1.5100000000000002
mittel	1.5
confirm	1.5
roll	1.5
color	1.5
beschreibung	1.5
widget	1.5
kalend	1.49
speichern	1.48
checkup	1.48
descript	1.4700000000000002
calendar	1.4700000000000002
sammel	1.46
konfigurier	1.46
area	1.46
avail	1.45
contain	1.44
sure	1.44
sum	1.4300000000000002
startup	1.42
token	1.4000000000000001
eclips	1.4
printer	1.4
corner	1.4
movement	1.4
input	1.4
base	1.39
processor	1.38
suchen	1.38
mandanten	1.37
dateien	1.37
match	1.37
inventur	1.37
ergebni	1.36
auftraggeb	1.35
adressen	1.35
umgezogen	1.35
taken	1.35
latest	1.3499999999999999
sieht	1.34
remov	1.34
debug	1.33
benutzerdefiniert	1.33
manual	1.32
verkauf	1.32
einrichten	1.32
german	1.31
url	1.31
logic	1.3
exampl	1.3
replenish	1.3
produktionsauftrag	1.2999999999999998
sprach	1.29
exist	1.29
troubleshoot	1.28
updat	1.28
ad	1.28
promis	1.28
drucken	1.28
zeilen	1.28
featur	1.27
articl	1.26
platform	1.26
stock	1.26
reach	1.24
abweichenden	1.23
margin	1.23
make	1.23
map	1.23
count	1.23
weiter	1.21
liegt	1.21
dashboard	1.21
type	1.21
gener	1.21
transform	1.21
produktbeschreibung	1.21
druckformat	1.21
lesezeichen	1.21
woch	1.2000000000000002
provis	1.2000000000000002
teil	1.19
event	1.1800000000000002
komplett	1.18
dateneingab	1.18
bookmark	1.18
studio	1.17
adjust	1.17
backup	1.16
cogwheel	1.16
schweiz	1.16
zugriff	1.16
year	1.1500000000000001
anmeldung	1.15
sent	1.15
pictur	1.15
opportun	1.15
depot	1.15
boilerpl	1.15
konzept	1.1400000000000001
ausgehenden	1.1400000000000001
refresh	1.14
fast	1.14
preisdifferenz	1.13
manufactur	1.13
dokument	1.13
elasticsearch	1.12
path	1.12
virtual	1.1199999999999999
wash	1.11
statement	1.11
branch	1.1099999999999999
accordingli	1.1099999999999999
good	1.1099999999999999
anzahl	1.1
transport	1.1
region	1.1
nummer	1.09
underneath	1.09
mahnung	1.09
need	1.0899999999999999
link	1.07
produc	1.07
vorlag	1.07
batch	1.07
inform	1.07
post	1.06
context	1.06
anfordern	1.06
http	1.0599999999999998
flatrat	1.05
summari	1.04
aktualisieren	1.04
support	1.04
flag	1.04
entfernen	1.04
ctrl	1.03
zuweisung	1.03
span	1.03
setzen	1.02
deliv	1.01
total	1.01
label	1.01
subscript	1.01
linux	1.0
destin	1.0
ausschreibungen	1.0
projekt	1.0
zone	1.0
aktivier	0.99
klonen	0.99
usernam	0.99
sieh	0.98
zwei	0.98
resourc	0.98
snapshot	0.98
liefern	0.98
stell	0.98
access	0.98
angezeigt	0.98
descend	0.98
shop	0.98
respons	0.9700000000000001
templat	0.97
organisationen	0.96
verwalten	0.96
setz	0.95
valu	0.95
budget	0.9400000000000001
recipi	0.94
endpoint	0.9299999999999999
abgerechnet	0.9299999999999999
correspond	0.92
incom	0.92
mengen	0.92
symbol	0.9199999999999999
arrow	0.9199999999999999
trial	0.9199999999999999
definier	0.91
echtzeit	0.91
plu	0.91
versu	0.9099999999999999
suggest	0.9099999999999999
extend	0.9099999999999999
annahm	0.9099999999999999
tage	0.9000000000000001
datenbank	0.9
uniqu	0.8999999999999999
anmelden	0.8999999999999999
kennzeichen	0.89
regeln	0.8899999999999999
steuert	0.8800000000000001
singl	0.88
endpunkt	0.88
second	0.8799999999999999
releas	0.8700000000000001
viel	0.87
tenant	0.87
anred	0.8699999999999999
vorher	0.8600000000000001
recht	0.8600000000000001
gesamt	0.8600000000000001
rule	0.8600000000000001
generieren	0.8600000000000001
arbeitsablauf	0.86
notic	0.86
dedic	0.8599999999999999
load	0.8500000000000001
tast	0.8500000000000001
extern	0.8500000000000001
dateneingaben	0.8500000000000001
averag	0.85
overal	0.85
debit	0.85
grundlagen	0.85
bundl	0.8400000000000001
bestimmt	0.8400000000000001
zuweisen	0.8400000000000001
einstellungen	0.8400000000000001
erzeugt	0.84
aktualisier	0.8399999999999999
brows	0.8300000000000001
aussuchen	0.8300000000000001
case	0.8300000000000001
storno	0.8300000000000001
font	0.83
tastenkombin	0.83
mobil	0.83
stack	0.8200000000000001
pleas	0.8200000000000001
aktionen	0.8200000000000001
video	0.81
abweichend	0.81
mandatori	0.81
cypress	0.81
wizard	0.81
erscheinen	0.81
anleitung	0.8
frachtkosten	0.8
constraint	0.79
paus	0.79
stornierten	0.79
tastatur	0.79
badg	0.79
karotten	0.7899999999999999
secondari	0.78
seiten	0.78
fertigstellen	0.78
weis	0.78
inland	0.78
freigegeben	0.78
basic	0.78
filenam	0.77
connect	0.77
eigen	0.77
today	0.77
close	0.77
level	0.77
concept	0.76
command	0.75
correct	0.75
consol	0.75
bestellt	0.75
permiss	0.75
inact	0.74
keyboard	0.74
style	0.74
editieren	0.74
smtp	0.74
verarbeitet	0.73
restart	0.73
sektionen	0.73
dispos	0.73
comment	0.72
architectur	0.72
architektur	0.72
verzeichni	0.72
express	0.72
admin	0.72
transformieren	0.72
delay	0.72
anoth	0.7100000000000001
volum	0.71
hard	0.71
disk	0.71
origin	0.71
saldo	0.71
drop	0.71
funktion	0.71
mau	0.71
point	0.71
sync	0.71
blob	0.7
vertic	0.7
lazi	0.7
senden	0.7
benutzerdefinierten	0.7
einzeln	0.7
phase	0.7
desktop	0.69
usag	0.69
eingeben	0.69
statusmeldung	0.69
oben	0.69
verpackung	0.69
disabl	0.69
allow	0.69
overrid	0.69
charg	0.69
nummerierung	0.69
gewicht	0.69
postalisch	0.69
citi	0.69
replic	0.68
ordner	0.68
set	0.6799999999999999
band	0.6799999999999999
tick	0.67
dump	0.6699999999999999
problem	0.6699999999999999
servic	0.6699999999999999
softwar	0.6699999999999999
numer	0.6699999999999999
festprei	0.6699999999999999
cabl	0.66
verbindung	0.66
rechnungserstellung	0.66
konto	0.66
chrome	0.66
diacrit	0.66
gelten	0.66
sung	0.6599999999999999
respect	0.6599999999999999
aktivierung	0.65
consist	0.65
green	0.65
english	0.65
super	0.65
steuersatz	0.65
mass	0.65
swat	0.64
beginn	0.64
shown	0.64
duplic	0.64
lieferdatum	0.64
filtern	0.64
jeweiligen	0.64
hast	0.64
artifact	0.64
merkmal	0.6399999999999999
ignor	0.63
parent	0.63
worin	0.63
screen	0.63
summ	0.63
foot	0.63
autorisierten	0.63
extract	0.62
timezon	0.62
sicher	0.62
perioden	0.62
editier	0.62
wechseln	0.62
aggreg	0.62
buchungen	0.62
bestimmten	0.62
rout	0.62
unload	0.62
inhalt	0.6100000000000001
unterscheiden	0.61
anfrag	0.61
navig	0.61
vertragsbedingung	0.61
gutschriften	0.61
einkauf	0.61
authent	0.61
tutori	0.61
entfernten	0.6000000000000001
wert	0.6000000000000001
liefermeng	0.6000000000000001
asynchron	0.6000000000000001
zahlungseingang	0.6000000000000001
spalten	0.6
funktioniert	0.6
puls	0.6
deutsch	0.6
short	0.6
anschrift	0.6
union	0.6
insid	0.5900000000000001
best	0.5900000000000001
treffer	0.5900000000000001
anweisen	0.5900000000000001
fertiggestellt	0.5900000000000001
delimit	0.5900000000000001
true	0.59
solut	0.59
explan	0.59
erforderlich	0.59
konfigurieren	0.59
manag	0.59
meet	0.59
chart	0.59
benutzern	0.5800000000000001
antwort	0.5800000000000001
tomorrow	0.5800000000000001
steuer	0.5800000000000001
wiki	0.58
caption	0.58
appli	0.58
nummernfolgen	0.58
matter	0.5700000000000001
grupp	0.5700000000000001
transit	0.5700000000000001
doc	0.5700000000000001
real	0.57
balanc	0.57
block	0.57
sortierung	0.57
download	0.56
namen	0.56
zeitzon	0.56
stammkund	0.56
ressourcen	0.55
mehrer	0.55
handov	0.55
offen	0.55
recapitul	0.55
kredit	0.55
kurzfristig	0.55
settlement	0.55
domain	0.54
pflicht	0.54
einsehen	0.54
swift	0.54
arbeitspaket	0.54
reparaturauftrag	0.54
geklont	0.54
festlegen	0.54
fremdsprachig	0.54
placehold	0.54
markdown	0.53
class	0.53
erfolgen	0.53
socket	0.53
kommentar	0.53
hamburg	0.53
sinc	0.53
hold	0.53
aktiv	0.53
preisgestaltung	0.53
eindeutig	0.53
freight	0.53
expir	0.53
contributor	0.53
know	0.53
headless	0.52
purpos	0.52
gewaschen	0.52
financi	0.52
browser	0.52
depend	0.52
sprachen	0.52
synchronisieren	0.52
gespeichert	0.52
atom	0.51
land	0.51
wurden	0.51
nativ	0.51
increas	0.51
thrown	0.51
addit	0.51
postleitzahl	0.51
sonderangebot	0.51
foto	0.51
notepad	0.51
superus	0.5
cert	0.5
helper	0.5
schicken	0.5
artikelnumm	0.5
rung	0.5
verarbeitung	0.5
regist	0.5
newli	0.5
normal	0.5
follow	0.5
grundlag	0.5
erhalten	0.5
ansehen	0.5
verbuchten	0.5
minut	0.5
herau	0.49
eintragen	0.49
sprint	0.49
ganzen	0.49
recomput	0.49
modal	0.49
nachbestellung	0.49
umrechnung	0.49
ascend	0.48000000000000004
reopen	0.48000000000000004
zeil	0.48000000000000004
checkout	0.48
diejenigen	0.48
vari	0.48
instanc	0.48
charact	0.48
space	0.48
reklamationen	0.48
transfer	0.48
anhang	0.48
zugesagt	0.48
zusammensetzung	0.48
auswahl	0.48
abgeglichen	0.48
postalischen	0.48
sinnvollen	0.47000000000000003
fertigstellung	0.47000000000000003
salut	0.47
transakt	0.47
standard	0.47
zugeordnet	0.47
personnel	0.47
verifi	0.47
fehlermeldung	0.47
place	0.47
gross	0.46
garanti	0.46
datentyp	0.46
gibt	0.45999999999999996
ersten	0.45999999999999996
nutzen	0.45999999999999996
task	0.45999999999999996
day	0.45999999999999996
erscheint	0.45
mean	0.45
suitabl	0.45
aktuel	0.45
mark	0.45
pop	0.45
timestamp	0.45
nummern	0.45
uhrzeit	0.45
konfigur	0.45
bestimm	0.45
lesen	0.45
specifi	0.45
string	0.44
geliefert	0.44
python	0.44
sollen	0.44
mani	0.44
enthalten	0.44
glich	0.44
mailserv	0.44
overwrit	0.44
requir	0.44
betreuer	0.44
iter	0.44
individuel	0.44
samt	0.44
erteilten	0.44
street	0.44
durchsuch	0.44
regress	0.43000000000000005
write	0.43000000000000005
stomp	0.43
anstel	0.43
mask	0.43
becom	0.43
wait	0.43
swing	0.43
empfangen	0.43
sektion	0.43
nein	0.43
stufe	0.43
geograph	0.43
session	0.42000000000000004
dadurch	0.42000000000000004
punkt	0.42000000000000004
setzt	0.42000000000000004
bereit	0.42000000000000004
beim	0.42000000000000004
track	0.42000000000000004
leav	0.42000000000000004
rechnungsstellung	0.42000000000000004
viewer	0.42000000000000004
rabbit	0.42000000000000004
profil	0.42
protokol	0.42
selektieren	0.42
datenverwaltung	0.42
ziel	0.42
mengenrabatt	0.42
retent	0.42
simpli	0.42
zusammenfassung	0.41000000000000003
cover	0.41000000000000003
ziffern	0.41000000000000003
jedoch	0.41000000000000003
buchhaltung	0.41000000000000003
zugewiesen	0.41000000000000003
sourc	0.41000000000000003
symptom	0.41
leer	0.41
flip	0.41
prepar	0.41
combin	0.41
wahrscheinlichkeit	0.41
break	0.41
els	0.4
wahl	0.4
entsprechend	0.4
heutigen	0.4
kriterium	0.4
anforderung	0.4
alternativ	0.4
miteinand	0.4
systemkonfigur	0.4
multipl	0.4
regel	0.4
effect	0.4
revenu	0.4
envelop	0.4
stat	0.4
option	0.4
notiz	0.4
size	0.4
beacht	0.4
standardprei	0.4
zeitraum	0.4
smartphon	0.4
surcharg	0.4
glossar	0.4
smart	0.4
andruck	0.39
fertig	0.39
disposit	0.39
boot	0.39
entscheidet	0.39
verwendet	0.39
tabel	0.39
eigenen	0.39
erreicht	0.39
eigenschaften	0.39
siehst	0.39
dynamisch	0.39
vorgesehenen	0.39
stet	0.39
star	0.39
usual	0.38
popup	0.38
umlaut	0.38
statistik	0.38
alphabet	0.38
kundenspezifischen	0.38
faktor	0.38
passenden	0.38
queri	0.38
plan	0.38
host	0.37
beigestellt	0.37
fakturiert	0.37
kern	0.37
meantim	0.37
gebraucht	0.37
analyz	0.37
standort	0.37
unsav	0.37
kumuliert	0.37
height	0.37
anpassen	0.37
anrufen	0.37
speichert	0.37
entfernt	0.37
betreffend	0.37
dienenden	0.37
abo	0.36
zugleich	0.36
fehlgeschlagen	0.36
auftragsannahm	0.36
hochladen	0.36
verb	0.36
verif	0.35
greif	0.35
bestehend	0.35
beziehung	0.35
diagnos	0.35
inspect	0.35
scan	0.35
claus	0.35
ignorieren	0.35
abholung	0.35
composit	0.35
structur	0.35
tab	0.35
restor	0.34
ersetz	0.34
versionsnumm	0.34
mitarbeit	0.34
bid	0.34
keypad	0.34
someth	0.34
remain	0.34
zeichen	0.34
referenz	0.34
kontext	0.34
partit	0.34
encrypt	0.33
inherit	0.33
local	0.33
akronym	0.33
sitzung	0.33
aktuellen	0.33
produziert	0.33
ursach	0.33
kontaktieren	0.33
licens	0.33
statist	0.33
bereitstellung	0.33
rollen	0.33
strawberri	0.33
foreign	0.33
flat	0.33
timeout	0.33
grant	0.33
truncat	0.33
bestellungen	0.32
erzeug	0.32
thema	0.32
spiel	0.32
ubuntu	0.32
meldung	0.32
disput	0.32
kombin	0.32
choic	0.32
netto	0.32
struktur	0.32
eingabefenst	0.32
befehl	0.32
deed	0.32
design	0.32
vergebenen	0.32
legaci	0.32
pull	0.31
jekyl	0.31
achtung	0.31
etikett	0.31
revert	0.31
outgo	0.31
overlap	0.31
sec	0.31
preserv	0.31
ask	0.31
vereinbarung	0.31
pixel	0.31
fertiggestellten	0.31
postfach	0.31
zoomen	0.31
provisionsabrechnung	0.31
selektier	0.31
probabl	0.31
upload	0.31
stone	0.31
trim	0.31
flow	0.3
meant	0.3
decreas	0.3
grand	0.3
herkunft	0.3
footer	0.3
packzettel	0.3
hau	0.3
abmessungen	0.3
eingekauft	0.3
adapt	0.3
devic	0.3
toggl	0.3
mind	0.3
schemata	0.3
suppress	0.29
rang	0.29
rezeptur	0.29
trefferlist	0.29
mausklick	0.29
erreichbar	0.29
coupl	0.29
vorjahr	0.29
transact	0.29
month	0.29
disappear	0.29
gruppen	0.29
fest	0.29
angefordert	0.29
ausgab	0.29
kilogram	0.29
haken	0.28
installiert	0.28
mitgeben	0.28
lock	0.28
handler	0.28
verwaltung	0.28
aktiva	0.28
reserviert	0.28
spain	0.28
stay	0.28
infinit	0.28
endabrechnung	0.28
clear	0.28
sternchen	0.28
gesperrt	0.28
aufgab	0.28
aufschlag	0.28
teilnahm	0.28
kampagnen	0.28
agreement	0.28
forgot	0.28
sortiert	0.28
central	0.28
annot	0.27
binari	0.27
produktiven	0.27
auswahllist	0.27
brauchst	0.27
lauten	0.27
gleichzeitigen	0.27
festplatten	0.27
pfeiltasten	0.27
durat	0.27
extens	0.27
england	0.27
resiz	0.27
arbeiten	0.27
rahmenbedingungen	0.27
leist	0.27
mikrofon	0.27
kamera	0.27
verbucht	0.27
object	0.27
roam	0.27
innerhalb	0.27
correl	0.27
shoot	0.27
commit	0.26
geschlossen	0.26
maustast	0.26
raid	0.26
notwendig	0.26
deutschland	0.26
drive	0.26
prozessen	0.26
produkten	0.26
entfern	0.26
progress	0.26
rare	0.26
valid	0.26
repeat	0.26
turn	0.26
trace	0.26
april	0.26
auswertung	0.26
june	0.26
capac	0.26
weigh	0.26
twitter	0.26
width	0.26
zeitzonen	0.26
leeren	0.26
verifiziert	0.26
aufgaben	0.26
bilanz	0.26
forderungen	0.26
buchen	0.26
informationen	0.26
convert	0.26
transmiss	0.26
lose	0.26
fenstern	0.26
public	0.26
quelldatei	0.25
folgenden	0.25
durchsuchen	0.25
alia	0.25
freigeben	0.25
lokalen	0.25
quot	0.25
measur	0.25
reusabl	0.25
konstant	0.25
ordinari	0.25
children	0.25
consum	0.25
ingredi	0.25
sever	0.25
barcod	0.25
anfang	0.25
dabei	0.25
mahnungen	0.25
kurz	0.25
vergib	0.25
datenzugriff	0.25
preisgrundlag	0.25
lagerung	0.25
verwend	0.25
bestandteil	0.25
erstellten	0.25
vereinfachen	0.25
spezifizierend	0.25
klein	0.25
geografischen	0.25
fingertip	0.25
player	0.25
grep	0.25
betreffenden	0.25
troubl	0.25
control	0.24
environ	0.24
replac	0.24
tray	0.24
arbeitsschritt	0.24
reaktivieren	0.24
end	0.24
genau	0.24
einand	0.24
lower	0.24
packung	0.24
snippet	0.24
winner	0.24
kontoblatt	0.24
einlesen	0.24
korrektur	0.24
prioriti	0.24
togeth	0.24
wrong	0.24
free	0.24
benachrichtigungen	0.24
werktag	0.24
nachschauen	0.24
zustellung	0.24
kilogramm	0.24
erdbeeren	0.24
folg	0.24
markieren	0.24
wozu	0.24
bildschirm	0.24
anpasst	0.24
eigenschaft	0.24
fehler	0.24
stufen	0.24
district	0.24
definit	0.24
mainten	0.24
tabellen	0.23
ausgeliefert	0.23
lupe	0.23
klappt	0.23
angezeigten	0.23
sicherstellen	0.23
entsprechen	0.23
vergab	0.23
simpel	0.23
cash	0.23
choos	0.23
andernfal	0.23
verhalten	0.23
complaint	0.23
forth	0.23
extra	0.23
propag	0.23
grund	0.23
benennung	0.23
einfach	0.23
gerad	0.23
passt	0.23
erstellung	0.23
erzeugen	0.23
einzel	0.23
bestehenden	0.23
ausstehenden	0.23
sowi	0.23
maximum	0.23
therefor	0.23
initi	0.23
root	0.23
book	0.23
theme	0.22
primari	0.22
introduct	0.22
frequent	0.22
exportier	0.22
schau	0.22
mach	0.22
ordn	0.22
zweck	0.22
unix	0.22
verwenden	0.22
crate	0.22
aid	0.22
beliebig	0.22
reachabl	0.22
workaround	0.22
freigaben	0.22
robust	0.22
earlier	0.22
fail	0.22
cursor	0.22
zueinand	0.22
passen	0.22
direct	0.22
vorbereiten	0.22
hover	0.22
constantli	0.22
unterbrechen	0.22
bedarf	0.22
gegeben	0.22
entwurf	0.22
deaktivier	0.22
daher	0.22
reservieren	0.22
erreichst	0.22
seriennummern	0.22
aufrufen	0.22
basierend	0.22
authentifizierung	0.22
vorhandenen	0.22
geeignet	0.22
gemeinsam	0.22
speziel	0.22
gesammelt	0.22
review	0.22
content	0.22
namepl	0.22
hyperlink	0.22
physic	0.22
concern	0.22
consumpt	0.22
actual	0.22
unprocess	0.22
hostnamen	0.21
alias	0.21
bedeutung	0.21
gefiltert	0.21
aktualisiert	0.21
bedeuten	0.21
worau	0.21
firm	0.21
deviat	0.21
technisch	0.21
arten	0.21
drill	0.21
background	0.21
perform	0.21
saldovortrag	0.21
sender	0.21
introduc	0.21
alway	0.21
kennwort	0.21
reconcil	0.21
state	0.21
abgeleitet	0.21
schalter	0.21
deaktivieren	0.21
zusag	0.21
absag	0.21
eingestellt	0.21
verbuchen	0.21
klone	0.21
vorerst	0.21
angewandt	0.21
horizontal	0.21
unteren	0.21
linken	0.21
eck	0.21
sperr	0.21
benenn	0.21
ansicht	0.21
jederzeit	0.21
kontrollierten	0.21
auftragsbearbeitung	0.21
verwendung	0.21
logistik	0.21
telefon	0.21
provid	0.21
simultan	0.21
procedur	0.21
lie	0.21
compani	0.21
scenario	0.21
massiv	0.21
sourcecod	0.21
main	0.2
entscheid	0.2
konnt	0.2
ergibt	0.2
aktiviert	0.2
ladeprogramm	0.2
compris	0.2
magnifi	0.2
zugriffsrecht	0.2
derzeitigen	0.2
okay	0.2
upgrad	0.2
ermittlung	0.2
voraussetzung	0.2
sehen	0.2
oberhalb	0.2
common	0.2
expect	0.2
folder	0.2
fals	0.2
ansprechpartn	0.2
bestel	0.2
kept	0.2
calcul	0.2
proxi	0.2
merg	0.2
skonto	0.2
longer	0.2
panel	0.2
sysadmin	0.2
properli	0.2
neg	0.2
grid	0.2
assumpt	0.2
describ	0.2
high	0.2
thing	0.2
gitter	0.2
bezirk	0.2
kleinschreibung	0.2
instanz	0.2
fortlaufend	0.2
dargestellt	0.2
inaktiv	0.2
cent	0.2
generierend	0.2
bezeichnung	0.2
takeout	0.2
beweg	0.2
doppelt	0.2
zeigt	0.2
benutzen	0.2
mess	0.2
aufwand	0.2
dokumenten	0.2
stehen	0.2
hierzu	0.2
websit	0.2
zahl	0.2
organisieren	0.2
piec	0.2
resend	0.2
fair	0.2
suffix	0.2
disrupt	0.2
indic	0.2
deriv	0.2
special	0.2
alreadi	0.2
model	0.2
cleanup	0.2
divid	0.2
multipli	0.2
abstract	0.2
neon	0.19
wrapper	0.19
shall	0.19
verchromt	0.19
stahlrohr	0.19
rohwaren	0.19
rohr	0.19
irgendwelch	0.19
gleichwertig	0.19
explizit	0.19
bekommen	0.19
beistellung	0.19
ausgeliehen	0.19
abnutzen	0.19
beauftragt	0.19
gesetzt	0.19
wildcard	0.19
fehlermeldungen	0.19
builder	0.19
kommt	0.19
zuordnungen	0.19
zusammen	0.19
ausnahm	0.19
posit	0.19
fasst	0.19
bitt	0.19
erfolgt	0.19
steuern	0.19
swiss	0.19
hilf	0.19
lack	0.19
hint	0.19
beanstandung	0.19
fact	0.19
carrot	0.19
unwant	0.19
aktualisierungen	0.19
right	0.19
possibl	0.19
differenti	0.19
doubl	0.19
improv	0.19
backend	0.19
ident	0.19
partial	0.19
usabl	0.19
korrekt	0.19
destroy	0.19
gemeind	0.19
versenden	0.19
bearbeiten	0.19
euro	0.19
komponent	0.19
mithilf	0.19
konfiguriert	0.19
ausgewiesen	0.19
berechnet	0.19
ansichten	0.19
zahlungsweis	0.19
wochentag	0.19
konfigurierbar	0.19
akquis	0.19
gesuchten	0.19
einheit	0.19
definiert	0.19
vergeben	0.19
vollautomatisch	0.19
sehe	0.19
aussag	0.19
druck	0.19
erkennt	0.19
geschehen	0.19
denen	0.19
betreff	0.19
massen	0.19
trennzeichen	0.19
folgend	0.19
erlauben	0.19
betrag	0.19
hinzu	0.19
sponsor	0.19
unversehrtheit	0.19
normalfal	0.19
gelangen	0.19
bietet	0.19
hierarchi	0.19
lagerverwaltung	0.19
funktionen	0.19
carrier	0.19
sensit	0.19
affix	0.19
gyroscop	0.19
zeigen	0.19
individu	0.19
everyon	0.19
abl	0.18
verbrauchen	0.18
enterpris	0.18
besten	0.18
auszuschalten	0.18
bankverbindung	0.18
tausch	0.18
notwendigen	0.18
wiederum	0.18
fall	0.18
attempt	0.18
unterhalb	0.18
solv	0.18
commun	0.18
bunch	0.18
said	0.18
logout	0.18
desir	0.18
modul	0.18
zahlungen	0.18
baum	0.18
vorhanden	0.18
entspricht	0.18
erkennst	0.18
abzuwickeln	0.18
registrieren	0.18
maximal	0.18
bestimmung	0.18
nutzung	0.18
jeweil	0.18
verfahren	0.18
direkt	0.18
allgemein	0.18
bestimmen	0.18
autorisiert	0.18
township	0.18
photo	0.18
pend	0.18
downstream	0.18
prefac	0.18
easier	0.18
