class	4.71
email	3.31
error	2.37
user	2.3400000000000003
ldap	2.07
member	1.78
databas	1.6099999999999999
adher	1.32
websit	1.19
launch	1.14
mode	1.1
contact	1.08
expir	0.99
invoic	0.93
migrat	0.9
footer	0.82
unpaid	0.8
job	0.79
type	0.78
sent	0.77
content	0.75
regener	0.74
repres	0.72
file	0.72
group	0.71
product	0.7
usag	0.69
login	0.67
mail	0.66
servic	0.63
page	0.62
header	0.61
contain	0.61
includ	0.5700000000000001
left	0.57
filter	0.57
withdraw	0.54
import	0.53
thumb	0.53
echo	0.52
bank	0.48
sync	0.47
command	0.43000000000000005
export	0.42
master	0.41000000000000003
port	0.4
pictur	0.39
host	0.38
unsubscrib	0.35
rebuild	0.33
confirm	0.33
argument	0.32
directori	0.3
payment	0.27
level	0.26
info	0.26
check	0.25
exclud	0.25
merg	0.23
account	0.23
build	0.23
help	0.22
titl	0.22
imag	0.22
invalid	0.21
default	0.21
debug	0.21
filenam	0.21
site	0.21
core	0.21
possibl	0.2
receipt	0.2
debit	0.2
execut	0.2
discard	0.2
entiti	0.2
pay	0.19
delay	0.19
valu	0.19
section	0.19
news	0.19
gener	0.19
mini	0.19
store	0.18
alexi	0.18
